Date,Away Team,Home Team,Away Score,Home Score,Away OR,Away DR,Away AT,Home OR,Home DR,Home AT,delta OR,delta DR,delta AT
2/1/25,100,4,69,90,112.6,95,66.1,125.6,98.1,74,13,3.1,7.9
2/1/25,24,7,65,61,101.5,115.9,64.7,103.6,112.2,67.8,2.1,-3.7,3.1
2/1/25,16,9,68,71,101.7,112.4,67.5,105.4,110.9,63.3,3.7,-1.5,-4.2
2/1/25,102,10,76,80,103.3,114.8,68.8,103.3,100.2,63.8,0,-14.6,-5
2/1/25,11,12,81,72,120.4,95.8,69.3,110.9,96.8,67.4,-9.5,1,-1.9
2/1/25,181,14,79,76,83.7,123.5,64.3,98.1,123.2,72.3,14.4,-0.3,8
2/1/25,133,20,70,81,118.3,91.2,68.1,122.3,101.3,64.1,4,10.1,-4
2/1/25,6,23,64,67,103.2,114.4,67.7,96.3,105.1,68.6,-6.9,-9.3,0.9
2/1/25,94,25,60,82,100.3,108.1,72,116.2,101.6,66.2,15.9,-6.5,-5.8
2/1/25,92,26,76,77,110.7,100.4,69.6,107.1,110.7,65.9,-3.6,10.3,-3.7
2/1/25,19,33,89,76,104.4,114.3,66.5,97.4,113.3,71,-7,-1,4.5
2/1/25,292,40,75,66,109.2,105.5,69.1,112.1,108,67.4,2.9,2.5,-1.7
2/1/25,112,41,52,75,100.2,99.5,63.6,102.3,104.5,66.5,2.1,5,2.9
2/1/25,28,45,71,90,100.6,112.4,69,101.6,106,66.8,1,-6.4,-2.2
2/1/25,150,47,85,89,106.9,107.8,68.4,99.1,109.3,68,-7.8,1.5,-0.4
2/1/25,169,49,84,93,102.8,107.5,71,111.6,109.3,66.8,8.8,1.8,-4.2
2/1/25,148,50,67,73,94,107,65.6,89.7,111.4,68.4,-4.3,4.4,2.8
2/1/25,140,55,76,61,98.3,110.1,65.8,105.3,110.4,66.4,7,0.3,0.6
2/1/25,64,58,95,89,99.3,108.9,70.7,109.6,113.8,69.5,10.3,4.9,-1.2
2/1/25,68,60,84,61,99.8,112.4,68.9,87.9,112.7,67.7,-11.9,0.3,-1.2
2/1/25,109,61,60,75,101.3,109.3,66.5,114.2,111,70.1,12.9,1.7,3.6
2/1/25,38,63,62,88,106,112.3,65.6,107.1,104.1,72.1,1.1,-8.2,6.5
2/1/25,97,65,64,60,106.3,95.2,64.2,113.1,109.4,65.5,6.8,14.2,1.3
2/1/25,107,71,57,67,101.5,118.6,68,94.8,110.1,66.4,-6.7,-8.5,-1.6
2/1/25,205,74,70,87,115.8,98.3,71.5,123.2,87.8,65.6,7.4,-10.5,-5.9
2/1/25,166,75,62,53,104.9,106.5,71.1,106.2,103.9,64.1,1.3,-2.6,-7
2/1/25,219,78,50,72,101.9,109.4,63.5,95,112.5,67.5,-6.9,3.1,4
2/1/25,18,80,82,88,96.8,107.6,65.9,107.2,111.9,68.3,10.4,4.3,2.4
2/1/25,212,83,60,71,104.3,106.7,68,107.9,107.7,64.6,3.6,1,-3.4
2/1/25,170,86,67,60,96.2,115.5,64.1,100.4,113.1,68.7,4.2,-2.4,4.6
2/1/25,5,89,79,95,93.3,113.5,71.7,95.8,112.7,68.3,2.5,-0.8,-3.4
2/1/25,289,91,56,82,101.4,117.7,67.7,108.7,107.2,64.9,7.3,-10.5,-2.8
2/1/25,154,103,70,77,119.1,97.7,68,107.1,102.7,69.3,-12,5,1.3
2/1/25,129,105,65,50,97.9,108.2,69,97.9,112.2,64.6,0,4,-4.4
2/1/25,333,106,57,75,104.2,101.7,68.4,108.4,100.2,71.6,4.2,-1.5,3.2
2/1/25,39,110,57,82,98.9,111.6,66.9,105.4,107.4,65.4,6.5,-4.2,-1.5
2/1/25,143,113,69,67,100.1,111.1,67,102.7,115.7,65.6,2.6,4.6,-1.4
2/1/25,305,114,82,81,122,96.8,64.8,123,86.7,60.8,1,-10.1,-4
2/1/25,108,116,80,79,101.4,110.1,64.8,108.2,119.1,68.6,6.8,9,3.8
2/1/25,117,118,71,87,108.9,115.6,65.6,103.8,109,65.1,-5.1,-6.6,-0.5
2/1/25,124,120,88,83,106.3,112.1,72.7,111.8,107.6,69,5.5,-4.5,-3.7
2/1/25,336,121,78,86,105.7,110.6,68.6,111.8,109.9,64.4,6.1,-0.7,-4.2
2/1/25,115,122,64,74,102.4,110.6,65.8,105.6,115.7,65.3,3.2,5.1,-0.5
2/1/25,135,127,80,61,111.8,102.3,66.7,121.8,91.4,69.1,10,-10.9,2.4
2/1/25,210,130,81,78,112.8,119,71.7,103.9,102.5,67.9,-8.9,-16.5,-3.8
2/1/25,144,131,61,72,110.2,98.5,64.8,110.1,107.9,64.7,-0.1,9.4,-0.1
2/1/25,226,132,54,68,100.7,111.5,65.7,109.3,107.9,65.6,8.6,-3.6,-0.1
2/1/25,87,136,67,73,98.3,105.6,68.9,105.1,105.2,71,6.8,-0.4,2.1
2/1/25,13,138,89,79,110.9,97.1,68.5,125.3,101,70.4,14.4,3.9,1.9
2/1/25,98,139,67,73,106.8,103.1,67.9,103.5,106,70,-3.3,2.9,2.1
2/1/25,79,145,76,70,94.8,111.1,65.9,94,110.8,68.9,-0.8,-0.3,3
2/1/25,21,146,80,87,101.7,123.1,65.3,110.2,101.9,65.6,8.5,-21.2,0.3
2/1/25,297,147,57,75,102.2,112.5,66.7,97.5,101.2,66.8,-4.7,-11.3,0.1
2/1/25,271,151,62,58,105.2,103.5,63.2,99.8,113.3,66.6,-5.4,9.8,3.4
2/1/25,259,153,61,66,111.2,112.1,67.5,111,106.7,64.2,-0.2,-5.4,-3.3
2/1/25,255,155,55,58,110.2,100.8,68.7,106.7,105.1,66.6,-3.5,4.3,-2.1
2/1/25,27,157,67,69,98.6,109.8,61.8,100.4,114.1,66.4,1.8,4.3,4.6
2/1/25,300,158,89,58,116.2,98,66.3,111.1,98.5,68.4,-5.1,0.5,2.1
2/1/25,59,162,77,69,122.1,104.3,63.7,118.9,93.9,67.8,-3.2,-10.4,4.1
2/1/25,54,163,62,67,100.6,114.5,62.6,105.8,107.2,68.1,5.2,-7.3,5.5
2/1/25,220,172,57,63,116.8,106.2,64.1,114.8,118.1,67,-2,11.9,2.9
2/1/25,222,173,69,73,107.6,108.7,70.2,108.7,108.9,68.5,1.1,0.2,-1.7
2/1/25,334,176,68,71,105.6,104.5,68.1,108,104.2,68,2.4,-0.3,-0.1
2/1/25,346,178,71,68,107.6,100.3,68.3,109.6,101.8,62,2,1.5,-6.3
2/1/25,17,179,92,82,129.7,93.5,67.6,116.1,93.2,67.6,-13.6,-0.3,0
2/1/25,182,180,88,61,119.1,99.5,67.3,119.9,98,66.9,0.8,-1.5,-0.4
2/1/25,190,183,56,77,109.1,106.9,64.5,102.4,110.2,63.1,-6.7,3.3,-1.4
2/1/25,67,184,83,92,108.4,115.1,70.2,101.4,111.5,67.1,-7,-3.6,-3.1
2/1/25,252,185,59,87,94.7,111.4,64.8,106.9,111.6,67.7,12.2,0.2,2.9
2/1/25,236,186,73,74,102.9,107.3,68.5,105.5,107.3,66.1,2.6,0,-2.4
2/1/25,165,188,63,76,97.4,118.7,66.7,103.2,118.8,70.4,5.8,0.1,3.7
2/1/25,52,191,68,58,118.8,97.9,63.5,109.9,102.9,64,-8.9,5,0.5
2/1/25,32,192,85,75,98.8,107.1,67.3,103,110.5,66.6,4.2,3.4,-0.7
2/1/25,69,194,69,78,98.7,115.5,65.8,107.7,111.3,67.2,9,-4.2,1.4
2/1/25,325,195,65,71,111.1,104.4,64.9,112.7,103.3,62.5,1.6,-1.1,-2.4
2/1/25,167,201,63,71,113.9,100,65.2,105.1,107.9,68.4,-8.8,7.9,3.2
2/1/25,31,202,92,70,108.1,106.5,72.7,91.9,109.4,64.8,-16.2,2.9,-7.9
2/1/25,273,203,65,67,102.1,108.4,68.3,108.5,108.1,66.1,6.4,-0.3,-2.2
2/1/25,43,204,65,94,97.2,113.6,66.5,109.8,107.6,66.7,12.6,-6,0.2
2/1/25,275,208,75,80,110.1,104.4,68.7,107.7,117.5,68.9,-2.4,13.1,0.2
2/1/25,335,211,54,50,108.5,113.5,69.9,112,97.3,60.6,3.5,-16.2,-9.3
2/1/25,213,214,69,87,104.2,110.6,66.8,110.1,109.4,68.7,5.9,-1.2,1.9
2/1/25,358,218,75,69,122.8,98.2,67.7,112.7,98,64.5,-10.1,-0.2,-3.2
2/1/25,217,221,84,75,97.6,106.6,64.5,106.7,107.4,61.3,9.1,0.8,-3.2
2/1/25,337,224,67,97,116.6,100.2,69.8,118.6,101.4,67,2,1.2,-2.8
2/1/25,330,225,72,81,110.6,101.1,69.2,106,102.7,70.2,-4.6,1.6,1
2/1/25,134,227,67,73,101,106.6,64.5,105,120.2,67.8,4,13.6,3.3
2/1/25,363,231,90,61,114.8,103.4,67.5,104.5,114.3,65.9,-10.3,10.9,-1.6
2/1/25,235,233,84,64,101.7,115.9,68.2,103.8,107,69.3,2.1,-8.9,1.1
2/1/25,111,238,84,72,117.1,110.6,65.8,104.5,113.1,63.5,-12.6,2.5,-2.3
2/1/25,30,239,49,69,107,111.1,64.8,109.6,107.6,66.5,2.6,-3.5,1.7
2/1/25,349,243,68,87,98.4,114.3,67.5,105.1,109.1,69.2,6.7,-5.2,1.7
2/1/25,327,245,69,79,98.8,116.4,71.9,109.6,110.7,63.1,10.8,-5.7,-8.8
2/1/25,174,251,66,63,120.1,96.9,69.9,114.7,103.3,68.8,-5.4,6.4,-1.1
2/1/25,104,257,58,62,125.3,99.3,70.2,117.9,95.6,62,-7.4,-3.7,-8.2
2/1/25,156,261,78,62,104.6,102.5,66.8,98.6,108.7,70.4,-6,6.2,3.6
2/1/25,361,262,61,63,104.1,105.3,63.9,109.8,92.7,66,5.7,-12.6,2.1
2/1/25,347,263,51,75,111.5,104.9,69.9,112.1,101.6,66.9,0.6,-3.3,-3
2/1/25,2,264,64,75,100.5,111.6,63.4,108.9,108.7,65.2,8.4,-2.9,1.8
2/1/25,230,265,49,83,101.5,112.3,66.2,115.2,103,68,13.7,-9.3,1.8
2/1/25,287,270,61,85,114.9,103.8,66.3,116.3,101.2,69.3,1.4,-2.6,3
2/1/25,301,272,76,72,116.8,92.3,66.3,108.2,97.6,65,-8.6,5.3,-1.3
2/1/25,298,277,87,89,100.4,110.2,71.3,101,108.1,68.4,0.6,-2.1,-2.9
2/1/25,199,278,68,76,98,115.6,69.4,102.2,105.5,67.1,4.2,-10.1,-2.3
2/1/25,8,279,69,74,97.5,112.9,64.4,98.6,102.8,68.2,1.1,-10.1,3.8
2/1/25,72,280,75,65,111.4,99.5,59,104.7,106.5,68.2,-6.7,7,9.2
2/1/25,299,281,78,65,102.3,113.2,67.6,99.7,113.4,66.4,-2.6,0.2,-1.2
2/1/25,101,282,68,72,101.1,109.3,70.2,99.9,108.1,70,-1.2,-1.2,-0.2
2/1/25,93,284,72,74,104.4,108,69.9,110.9,101.6,63.4,6.5,-6.4,-6.5
2/1/25,240,285,66,68,112.7,103.3,65.4,113.8,89,69.7,1.1,-14.3,4.3
2/1/25,141,288,67,62,101.4,105.1,65.4,93.5,102.2,65.7,-7.9,-2.9,0.3
2/1/25,44,290,71,63,100.7,103,64.4,101.1,113.2,64.5,0.4,10.2,0.1
2/1/25,283,293,58,75,101.6,108.7,68.3,94.9,104.6,65.1,-6.7,-4.1,-3.2
2/1/25,76,295,94,98,106.5,105.5,65.9,109.6,106.8,69.4,3.1,1.3,3.5
2/1/25,88,296,44,64,125.5,94.5,69,117,87.6,63.6,-8.5,-6.9,-5.4
2/1/25,237,303,63,79,99.2,115.6,71.6,97.2,107.6,70.3,-2,-8,-1.3
2/1/25,15,304,85,74,109.7,101,69,109.5,110.4,65.6,-0.2,9.4,-3.4
2/1/25,260,306,83,58,113.1,106.9,69.5,94.3,115,64.3,-18.8,8.1,-5.2
2/1/25,215,307,85,89,94.5,112.9,69.1,111.9,114.5,68.9,17.4,1.6,-0.2
2/1/25,73,308,54,55,103.3,106.2,62.9,104.9,104.9,62.7,1.6,-1.3,-0.2
2/1/25,152,309,50,87,96.3,111.5,67.6,107.4,102.9,65.4,11.1,-8.6,-2.2
2/1/25,48,312,78,96,104.1,110.3,64.7,115.3,110.7,69.2,11.2,0.4,4.5
2/1/25,313,314,66,73,97,102,67.5,106,92.3,69.3,9,-9.7,1.8
2/1/25,37,315,62,80,106.1,112.5,73.7,107.8,107.1,66.8,1.7,-5.4,-6.9
2/1/25,149,317,54,85,103.3,115.2,63.7,107.9,107.5,64.2,4.6,-7.7,0.5
2/1/25,35,318,81,75,120.6,101.2,66.2,116.2,102.2,70.9,-4.4,1,4.7
2/1/25,320,321,83,67,110.5,114.5,69.5,108.5,115,70.7,-2,0.5,1.2
2/1/25,359,323,74,62,112.1,110.6,63.2,108.4,105.1,63.2,-3.7,-5.5,0
2/1/25,291,324,70,80,100.9,116.8,64.1,111.6,106.8,65.5,10.7,-10,1.4
2/1/25,175,326,64,70,119.4,94.4,68.2,114.7,102.4,67.7,-4.7,8,-0.5
2/1/25,332,328,71,73,101,112.4,66.8,108.5,110.8,67.7,7.5,-1.6,0.9
2/1/25,302,329,73,83,107.4,106.8,68.8,105.7,112.3,68.2,-1.7,5.5,-0.6
2/1/25,197,331,82,63,112.3,97.4,72.7,118.4,101.4,68.5,6.1,4,-4.2
2/1/25,248,338,49,90,102,106.7,64.6,112.2,95,66.9,10.2,-11.7,2.3
2/1/25,159,339,49,55,101.9,103.4,66.5,96.8,105.9,62.8,-5.1,2.5,-3.7
2/1/25,62,340,62,60,116.3,96.9,67.8,121.4,107.1,63.1,5.1,10.2,-4.7
2/1/25,342,341,75,74,107.8,107,64.4,106.1,102.7,60.4,-1.7,-4.3,-4
2/1/25,142,344,61,73,99,118,68.5,93.8,111.3,60.8,-5.2,-6.7,-7.7
2/1/25,234,345,74,76,119.2,100.2,66.7,106.2,95.4,66.4,-13,-4.8,-0.3
2/1/25,82,348,72,49,102.9,112.1,67,105.6,114.9,64.9,2.7,2.8,-2.1
2/1/25,343,351,80,76,101.8,112.1,67.2,92.7,111.9,70.9,-9.1,-0.2,3.7
2/1/25,269,352,69,65,99.5,107.1,65.2,96.6,117.4,62.3,-2.9,10.3,-2.9
2/1/25,198,353,69,101,104,102.3,65.4,102.5,99.8,72.9,-1.5,-2.5,7.5
2/1/25,81,354,54,61,103.8,115.2,67.9,101.6,113.7,67.4,-2.2,-1.5,-0.5
2/1/25,96,357,93,96,104.2,109.9,69.2,106.9,109.8,71.9,2.7,-0.1,2.7
2/1/25,128,364,84,79,105.3,120.5,65,99.5,103.7,69.3,-5.8,-16.8,4.3
2/2/25,84,22,80,75,97.6,105.6,66.3,113.8,110.6,70.9,16.2,5,4.6
2/2/25,350,51,63,50,110.4,95.5,63.8,108.3,93.9,64.8,-2.1,-1.6,1
2/2/25,267,70,57,74,102.8,103.6,63.8,109.7,106.5,67,6.9,2.9,3.2
2/2/25,95,77,69,72,107.6,106.7,65.1,108.6,106,65.5,1,-0.7,0.4
2/2/25,276,90,72,94,105.5,107.1,67.7,113.2,108.5,69.4,7.7,1.4,1.7
2/2/25,223,119,79,87,117.1,95.1,67,118.1,93.3,72.4,1,-1.8,5.4
2/2/25,85,125,64,87,101.4,117.4,65.5,96.4,106.6,69.1,-5,-10.8,3.6
2/2/25,242,177,81,79,113,111.4,68.5,108.1,104.7,68.8,-4.9,-6.7,0.3
2/2/25,29,216,69,83,110.6,102.2,65.6,110.8,106.2,64.4,0.2,4,-1.2
2/2/25,193,228,77,71,111.9,96.7,67.4,116.6,98.4,68,4.7,1.7,0.6
2/2/25,168,247,86,83,113.5,96,70.2,104.6,107.1,64.9,-8.9,11.1,-5.3
2/2/25,171,249,66,64,100.7,102,64.2,99.9,113.7,64.4,-0.8,11.7,0.2
2/2/25,160,253,72,74,107.1,115.4,67.5,105.2,114.9,69.3,-1.9,-0.5,1.8
2/2/25,189,258,79,64,98.3,107.6,67.8,95.1,103.6,62.4,-3.2,-4,-5.4
2/2/25,244,268,75,84,102.3,103.6,70.3,102,109.5,65.3,-0.3,5.9,-5
2/2/25,209,286,62,79,116.2,111.6,64.7,114.3,110.7,68,-1.9,-0.9,3.3
2/2/25,56,294,57,68,108.3,101.9,67.6,106.4,97,66,-1.9,-4.9,-1.6
2/2/25,311,310,56,59,101.4,110.8,66.1,107.1,105.6,66.7,5.7,-5.2,0.6
2/2/25,250,360,64,66,104.5,106.3,68.6,109.8,111.5,67.5,5.3,5.2,-1.1
2/3/25,5,23,75,89,94.1,114.9,71.5,95.2,104.1,68.7,1.1,-10.8,-2.8
2/3/25,188,68,82,84,102.6,118,70.4,99.9,111.5,69.3,-2.7,-6.5,-1.1
2/3/25,302,78,78,66,106.2,106.7,69.1,95.4,110.9,67.5,-10.8,4.2,-1.6
2/3/25,6,89,67,66,102.6,113.5,67.8,97.9,113.8,68,-4.7,0.3,0.2
2/3/25,8,105,60,53,97.5,112.2,64.8,96.4,112.2,64.4,-1.1,0,-0.4
2/3/25,273,116,89,66,101.2,106.9,68.1,108.1,119.3,68.2,6.9,12.4,0.1
2/3/25,214,118,86,72,110.3,108.9,68.7,105,109.2,65,-5.3,0.3,-3.7
2/3/25,127,133,52,69,119.7,92.3,69.1,117,90.9,68.7,-2.7,-1.4,-0.4
2/3/25,55,143,68,94,104.5,111,66.4,99.8,110.5,66.9,-4.7,-0.5,0.5
2/3/25,60,165,62,57,86.8,112.8,68.1,96.5,118.3,66.5,9.7,5.5,-1.6
2/3/25,122,167,65,67,106,115.4,65.1,112.8,100.3,65.1,6.8,-15.1,0
2/3/25,288,199,88,85,92.9,102.1,65.9,97.7,114.9,69.6,4.8,12.8,3.7
2/3/25,115,201,67,75,102.2,111.1,65.5,105.4,107.1,68.3,3.2,-4,2.8
2/3/25,207,203,78,81,102.7,114.7,66.2,107.2,107.3,66,4.5,-7.4,-0.2
2/3/25,329,219,63,79,105.6,111.2,68.5,100.1,109.6,63.5,-5.5,-1.6,-5
2/3/25,341,234,73,57,106.9,104.2,60.5,119.3,100.8,66.6,12.4,-3.4,6.1
2/3/25,141,278,79,81,101.7,104.8,65.6,101.5,105.1,67.4,-0.2,0.3,1.8
2/3/25,129,279,89,91,97.5,106.5,68.8,98.4,102.7,68.6,0.9,-3.8,-0.2
2/3/25,211,312,61,64,109.6,96.6,60.3,116.1,111.2,69.2,6.5,14.6,8.9
2/3/25,213,348,73,77,103.7,111,66.8,102.7,114,65.4,-1,3,-1.4
2/3/25,46,356,75,90,107.9,105.2,71.2,109.2,113,71.6,1.3,7.8,0.4
2/4/25,195,2,74,60,112.2,102.8,62.9,100.2,111.4,63.6,-12,8.6,0.7
2/4/25,19,3,73,81,104.9,114,66.6,111.5,104,71.7,6.6,-10,5.1
2/4/25,135,12,71,70,112.6,100.4,66.8,110.7,96.9,67.7,-1.9,-3.5,0.9
2/4/25,303,14,68,69,97.9,107.3,69.7,97.3,124,72.3,-0.6,16.7,2.6
2/4/25,224,17,70,98,119.4,100.3,67.2,130.4,94,67.8,11,-6.3,0.6
2/4/25,215,28,77,84,95,112.5,69.4,101.1,113.8,68.8,6.1,1.3,-0.6
2/4/25,11,35,85,74,120.2,95.2,69.6,119.8,99.9,66.6,-0.4,4.7,-3
2/4/25,173,45,76,70,108.1,108.2,68.5,102.9,106.5,66.6,-5.2,-1.7,-1.9
2/4/25,355,48,66,58,107.8,106.4,69,104.2,111.1,64.6,-3.6,4.7,-4.4
2/4/25,103,52,89,86,107.1,101.7,69.5,118.4,97.2,63.6,11.3,-4.5,-5.9
2/4/25,65,66,63,69,112.5,109,65.6,116.3,105,65,3.8,-4,-0.6
2/4/25,137,81,70,49,101.4,99.7,64.9,102.3,114.1,67.6,0.9,14.4,2.7
2/4/25,337,88,75,86,115.5,100.6,70.1,123.5,93.3,68.9,8,-7.3,-1.2
2/4/25,220,92,60,67,115.3,105.5,63.8,110.1,100.5,69.8,-5.2,-5,6
2/4/25,264,94,94,91,108.8,108.7,65.3,100,108.1,71.8,-8.8,-0.6,6.5
2/4/25,225,114,63,72,107.1,102.7,69.9,123.1,87.4,61.1,16,-15.3,-8.8
2/4/25,241,126,90,81,122.8,96,64.9,118,105.6,70.9,-4.8,9.6,6
2/4/25,284,155,53,77,110.9,102.1,63.2,105.7,103.8,66.5,-5.2,1.7,3.3
2/4/25,256,166,73,71,108.2,103.5,67.5,103.9,104.8,71.3,-4.3,1.3,3.8
2/4/25,138,179,84,98,124.7,102.1,70.5,116.5,93.8,67.7,-8.2,-8.3,-2.8
2/4/25,72,190,55,45,112,99.5,59.1,107.3,106.9,65,-4.7,7.4,5.9
2/4/25,326,218,75,77,114.5,101.3,67.7,112.8,98.3,64.3,-1.7,-3,-3.4
2/4/25,354,222,69,94,100.4,112.1,67.2,106.7,107.7,70.3,6.3,-4.4,3.1
2/4/25,178,232,69,61,109.3,102.2,62.1,115.6,100.8,70,6.3,-1.4,7.9
2/4/25,79,269,41,66,95.1,110.7,66,99.6,107.1,65.3,4.5,-3.6,-0.7
2/4/25,162,285,64,70,118.1,94.3,67.9,112.8,88.5,69.8,-5.3,-5.8,1.9
2/4/25,20,305,59,73,122.2,100.3,64.7,122.9,96.5,65,0.7,-3.8,0.3
2/4/25,33,307,74,87,97.3,114.1,71.2,111.7,114.9,69.2,14.4,0.8,-2
2/4/25,175,319,61,63,118.1,94,68.2,115.7,94.4,64.8,-2.4,0.4,-3.4
2/4/25,25,325,71,62,116.2,101.4,66,110.3,104,65.3,-5.9,2.6,-0.7
2/4/25,139,338,66,96,104.1,106.2,69.6,113.1,94.8,66.7,9,-11.4,-2.9
2/4/25,123,358,64,76,114.4,100.2,68.6,123.2,98.4,67.5,8.8,-1.8,-1.1
2/4/25,331,361,71,67,117.1,101.7,68.5,104.4,104.6,63.9,-12.7,2.9,-4.6
2/4/25,99,362,69,74,106.3,96.6,67.4,114,98.5,67.9,7.7,1.9,0.5
2/5/25,282,10,58,60,99.2,107.5,70.1,103.3,101,64.1,4.1,-6.5,-6
2/5/25,113,16,65,68,102.5,115.6,65.4,101.8,112.6,67.4,-0.7,-3,2
2/5/25,204,18,74,64,110.6,107.5,66.5,98,108.7,65.7,-12.6,1.2,-0.8
2/5/25,154,26,84,58,118.2,97.5,68.1,107.4,110.1,66,-10.8,12.6,-2.1
2/5/25,192,27,65,87,102.9,111.1,66.8,98,109.7,62.2,-4.9,-1.4,-4.6
2/5/25,22,29,80,77,113.9,111.7,70.7,110.3,102.9,65.9,-3.6,-8.8,-4.8
2/5/25,9,32,49,71,105.1,111,63.2,99.1,107,67.4,-6,-4,4.2
2/5/25,191,40,62,74,109.3,102.6,64.1,111.4,108.3,67.2,2.1,5.7,3.1
2/5/25,243,43,63,47,105.2,108.8,69.2,97.2,114.4,66.4,-8,5.6,-2.8
2/5/25,357,47,83,65,107.3,110.2,72,100.3,109.8,68.1,-7,-0.4,-3.9
2/5/25,271,54,84,59,104.4,102.4,63.1,100.6,114.1,62.5,-3.8,11.7,-0.6
2/5/25,340,70,59,49,120,105.9,63.3,109.9,106,67,-10.1,0.1,3.7
2/5/25,247,76,73,60,105.7,107.5,65.1,107.1,106.1,66,1.4,-1.4,0.9
2/5/25,280,84,68,59,104.8,106.8,68.3,98.5,105.6,66.1,-6.3,-1.2,-2.2
2/5/25,246,93,79,80,107.2,103.3,70.6,105.5,108.6,69.6,-1.7,5.3,-1
2/5/25,351,95,75,84,92.5,111.8,70.6,108,107,65,15.5,-4.8,-5.6
2/5/25,97,98,53,50,105.9,94.6,64.2,107,103.8,67.5,1.1,9.2,3.3
2/5/25,158,100,62,81,110.1,99.5,68.3,112.1,94.8,66.3,2,-4.7,-2
2/5/25,151,101,82,83,98.9,112.3,66.5,100.6,108.6,70.3,1.7,-3.7,3.8
2/5/25,152,102,64,97,95.9,112.2,67.5,103.9,114.7,69,8,2.5,1.5
2/5/25,121,120,81,79,112.5,110.6,64.3,111.1,107.7,69.1,-1.4,-2.9,4.8
2/5/25,336,124,62,80,106.4,111.2,68.4,106.7,111.3,72.7,0.3,0.1,4.3
2/5/25,177,128,84,80,107.8,104.6,68.9,106.6,120.7,64.9,-1.2,16.1,-4
2/5/25,309,132,61,64,107.8,102.4,65.2,109,107.4,65.5,1.2,5,0.3
2/5/25,157,140,71,58,100,113.3,66.8,99,109.4,65.7,-1,-3.9,-1.1
2/5/25,15,163,72,77,110.1,100.8,69.1,105.6,107.2,67.9,-4.5,6.4,-1.2
2/5/25,311,168,71,83,100.8,109.6,66,114.1,96.8,70.4,13.3,-12.8,4.4
2/5/25,228,174,76,80,116.2,98.8,68,119,95.4,69.7,2.8,-3.4,1.7
2/5/25,216,183,66,61,111.4,106.1,64.7,102.6,108.6,63.5,-8.8,2.5,-1.2
2/5/25,57,197,65,87,111.1,100.1,66.2,112.6,96.1,72.7,1.5,-4,6.5
2/5/25,53,217,75,85,105.1,103.1,65.3,98.7,106.5,65.1,-6.4,3.4,-0.2
2/5/25,304,226,64,75,109.8,111,65.7,100.1,111.2,65.6,-9.7,0.2,-0.1
2/5/25,327,238,64,75,98.9,116.3,71.6,104.6,113.4,63.5,5.7,-2.9,-8.1
2/5/25,62,240,80,69,115.2,95.8,68,112.7,102.7,65.5,-2.5,6.9,-2.5
2/5/25,360,242,64,87,109.4,111.1,67.3,113.1,111.1,68.7,3.7,0,1.4
2/5/25,111,245,78,75,117.7,110.8,65.7,109.4,110.6,62.9,-8.3,-0.2,-2.8
2/5/25,75,248,68,73,104.3,103.3,64.3,101.7,107.6,64.5,-2.6,4.3,0.2
2/5/25,71,250,56,71,94.5,109.2,66.2,104.2,105.7,68.4,9.7,-3.5,2.2
2/5/25,119,251,73,82,118.6,93.8,72.4,113.7,102.5,68.7,-4.9,8.7,-3.7
2/5/25,169,260,79,100,103,107.8,71.3,113.2,106.3,69.5,10.2,-1.5,-1.8
2/5/25,34,267,84,54,114.5,104.6,66.6,102.1,103.7,63.9,-12.4,-0.9,-2.7
2/5/25,345,287,79,73,106.7,95.9,66.4,113.8,103.9,66.4,7.1,8,0
2/5/25,74,292,83,54,124,88.3,65.3,109.4,105.1,68.9,-14.6,16.8,3.6
2/5/25,350,294,60,65,110.6,94.3,63.9,106.6,96.8,65.7,-4,2.5,1.8
2/5/25,182,296,81,85,120.7,98,67.2,116.2,85.4,63.5,-4.5,-12.6,-3.7
2/5/25,13,300,78,70,112,96.5,68.5,117.5,96.6,66.3,5.5,0.1,-2.2
2/5/25,323,306,76,61,107.5,105.3,63.4,93.7,115,64.3,-13.8,9.7,0.9
2/5/25,51,318,93,83,107.4,94.3,64.8,115.4,101.8,71.2,8,7.5,6.4
2/5/25,56,330,59,72,108.1,102.1,67.4,110.9,101.9,68.9,2.8,-0.2,1.5
2/5/25,310,335,61,60,105.9,104.7,66.6,108.2,111.4,69.7,2.3,6.7,3.1
2/5/25,270,342,81,75,116.4,100.2,69.4,108.7,107.8,64.6,-7.7,7.6,-4.8
2/5/25,77,343,62,55,109,106.4,65.5,101.8,111.8,67,-7.2,5.4,1.5
2/5/25,193,346,86,72,112.4,96.4,67.4,108.2,100.1,68.4,-4.2,3.7,1
2/5/25,146,349,76,67,109.9,102.4,65.8,98.2,114.7,67.6,-11.7,12.3,1.8
2/5/25,49,359,79,70,111.7,109.3,67.1,112.3,109.6,63.4,0.6,0.3,-3.7
2/6/25,320,24,54,66,110.3,113.4,69.2,100.9,114.6,65,-9.4,1.2,-4.2
2/6/25,7,31,68,63,102.1,111.5,67.9,108.7,106.7,72.8,6.6,-4.8,4.9
2/6/25,283,36,60,57,100.8,109.2,68.3,109.4,108.3,65.2,8.6,-0.9,-3.1
2/6/25,110,37,63,79,105.3,106.8,65.6,105.7,112.8,73.2,0.4,6,7.6
2/6/25,317,38,81,75,108.3,106.6,64.4,105.2,112.4,65.8,-3.1,5.8,1.4
2/6/25,83,41,58,76,107.7,107.2,64.4,102.8,103.6,66.4,-4.9,-3.6,2
2/6/25,86,44,66,87,99.3,112.9,68.6,100.4,102.4,65,1.1,-10.5,-3.6
2/6/25,206,46,63,66,99.1,115.9,71.2,108,106.4,70.8,8.9,-9.5,-0.4
2/6/25,170,50,78,85,96.2,114.5,64,90.2,111,68.1,-6,-3.5,4.1
2/6/25,39,63,63,82,98,111.7,67.1,106.9,103.1,72.3,8.9,-8.6,5.2
2/6/25,324,67,77,67,111.1,107.2,65.7,108.6,116,70.2,-2.5,8.8,4.5
2/6/25,274,69,86,79,111,118.9,73.7,98.4,115,66,-12.6,-3.9,-7.7
2/6/25,356,73,66,86,110.2,112.9,71.2,102.8,105.8,62.7,-7.4,-7.1,-8.5
2/6/25,252,82,80,83,94.4,112.4,64.5,102,109.4,67.5,7.6,-3,3
2/6/25,161,85,56,59,100,104.1,63.8,101.2,118.4,65.4,1.2,14.3,1.6
2/6/25,259,87,82,85,109.7,110.7,67.4,97.9,105.1,68.9,-11.8,-5.6,1.5
2/6/25,80,91,92,74,108.5,113.2,68.1,108.7,106.7,64.8,0.2,-6.5,-3.3
2/6/25,156,104,53,73,104.4,101.7,67,124.3,98.5,70,19.9,-3.2,3
2/6/25,212,112,77,68,103.6,106.8,67.9,99.4,100.6,63.5,-4.2,-6.2,-4.4
2/6/25,236,117,76,69,103.2,107.4,68.3,109.1,117,65.4,5.9,9.6,-2.9
2/6/25,176,131,63,77,107.9,104.4,67.8,110.3,106.9,64.8,2.4,2.5,-3
2/6/25,209,134,78,72,115.5,111.6,64.5,100.4,106.9,64.5,-15.1,-4.7,0
2/6/25,353,136,69,76,104.3,100,72.8,104.8,104.9,71,0.5,4.9,-1.8
2/6/25,153,144,53,77,109.2,105.1,64.2,109.3,98.8,65,0.1,-6.3,0.8
2/6/25,313,149,73,65,96.9,102.2,67.5,102.3,115.5,64,5.4,13.3,-3.5
2/6/25,202,159,74,78,92,110.1,64.8,100.7,103.1,66.3,8.7,-7,1.5
2/6/25,200,171,59,64,100.5,114.8,63.9,100.5,102,64.3,0,-12.8,0.4
2/6/25,108,184,63,68,101.2,110.2,64.6,101.9,111.7,67,0.7,1.5,2.4
2/6/25,277,187,80,51,101.2,108.7,68.2,100.2,110.1,64.1,-1,1.4,-4.1
2/6/25,125,189,70,67,97.1,106.5,68.9,100.1,108.1,67.5,3,1.6,-1.4
2/6/25,208,194,77,80,108.7,117.5,68.6,107.4,111.3,67.3,-1.3,-6.2,-1.3
2/6/25,321,196,78,79,107.4,115.2,70.5,92.3,115.1,66.5,-15.1,-0.1,-4
2/6/25,21,210,88,95,102.5,122.9,65.5,112.5,117.9,71.8,10,-5,6.3
2/6/25,186,213,64,69,105.7,107.6,66,103.3,110.9,67.2,-2.4,3.3,1.2
2/6/25,185,214,86,78,107.8,111.5,67.4,111.2,108.9,68.7,3.4,-2.6,1.3
2/6/25,364,221,84,75,99.4,104.7,69.3,106.9,108.4,61.8,7.5,3.7,-7.5
2/6/25,164,223,70,73,119.1,95.1,69.1,117.4,95.8,67,-1.7,0.7,-2.1
2/6/25,347,229,74,82,110.5,104.6,69.7,115.7,103.3,64,5.2,-1.3,-5.7
2/6/25,261,230,69,71,97.8,108.5,70.6,100.6,112.4,66.1,2.8,3.9,-4.5
2/6/25,265,235,97,50,115.1,102.6,67.9,102.9,115.2,68,-12.2,12.6,0.1
2/6/25,42,244,71,89,100.5,121.5,64.9,101.8,103.7,70.8,1.3,-17.8,5.9
2/6/25,249,253,77,89,99.9,113.5,64.5,104.1,113.7,69.6,4.2,0.2,5.1
2/6/25,142,254,78,86,99.1,118.7,68.3,98.3,113.1,67.1,-0.8,-5.6,-1.2
2/6/25,257,263,64,65,117.2,94.6,61.9,111.8,100.2,66.8,-5.4,5.6,4.9
2/6/25,293,266,54,91,94.9,103.5,65.3,106.3,105.5,65.8,11.4,2,0.5
2/6/25,258,268,63,77,95.3,105.5,62.2,102.3,109.1,65.8,7,3.6,3.6
2/6/25,286,275,86,102,114.4,109.7,67.8,109.9,105,68.4,-4.5,-4.7,0.6
2/6/25,295,276,91,100,110.3,107.9,69.5,105.4,107.9,67.8,-4.9,0,-1.7
2/6/25,147,281,74,56,97.6,100.6,66.8,99.1,113.4,66.5,1.5,12.8,-0.3
2/6/25,130,289,74,65,102.9,102.2,67.9,100.7,117.8,67.5,-2.2,15.6,-0.4
2/6/25,308,291,66,59,104.4,105,62.5,100.8,116.7,64.3,-3.6,11.7,1.8
2/6/25,145,297,52,51,93.9,111,69,101.5,112.4,66.7,7.6,1.4,-2.3
2/6/25,352,298,69,87,96.8,117.6,62.4,100.7,110.2,71.1,3.9,-7.4,8.7
2/6/25,269,299,75,58,99.5,106,65.3,102.5,112.5,67.6,3,6.5,2.3
2/6/25,315,316,71,91,107.8,106.6,66.4,112.8,99,65.8,5,-7.6,-0.6
2/6/25,96,322,70,78,104.6,110.1,69.4,110.6,110.9,67.5,6,0.8,-1.9
2/6/25,1,332,86,72,97.4,104.6,67.9,101.7,112.7,66.3,4.3,8.1,-1.6
2/6/25,328,333,73,94,108.4,111.5,67.3,103.4,101.5,68.3,-5,-10,1
2/6/25,148,344,60,47,93.7,106.9,65.3,94.4,111.2,60.7,0.7,4.3,-4.6
2/7/25,264,25,52,79,109,108.9,65.3,116.2,101,66.1,7.2,-7.9,0.8
2/7/25,285,59,68,62,113.1,88.7,69.6,123.1,104.1,63.7,10,15.4,-5.9
2/7/25,338,66,73,68,114.3,95.5,66.5,115.9,105.1,64.9,1.6,9.6,-1.6
2/7/25,331,94,89,81,117.1,101.9,68.4,100.2,108.3,71.7,-16.9,6.4,3.3
2/7/25,239,231,61,59,109.3,106.5,66.5,103.7,114.8,66.1,-5.6,8.3,-0.4
2/7/25,326,241,72,90,115.5,102.3,67.5,123.6,96.5,64.9,8.1,-5.8,-2.6
2/7/25,256,255,63,76,108.6,103.9,67.2,109.3,100.2,68.5,0.7,-3.7,1.3
2/8/25,197,2,88,53,113.7,96.4,72.4,100.4,111.9,63.7,-13.3,15.5,-8.7
2/8/25,271,3,65,80,106,102.7,63.1,112,104.7,71.5,6,2,8.4
2/8/25,279,5,81,68,99.4,104,68.8,95.5,116.5,71.3,-3.9,12.5,2.5
2/8/25,105,6,77,67,95.7,112.1,64.4,102.9,113.8,67.5,7.2,1.7,3.1
2/8/25,339,7,68,62,96.5,105.4,62.7,102.4,110.7,67.6,5.9,5.3,4.9
2/8/25,14,8,60,79,97.1,123.1,72.3,97.5,111.4,64.8,0.4,-11.7,-7.5
2/8/25,305,11,73,82,122.8,95.8,65.2,120.9,95.1,69.8,-1.9,-0.7,4.6
2/8/25,4,13,85,81,125.2,97.6,74.2,112.5,95.9,68.9,-12.7,-1.7,-5.3
2/8/25,32,16,110,116,99.3,105.9,67.5,101.7,112.4,67.4,2.4,6.5,-0.1
2/8/25,88,17,90,81,124.2,94,68.6,130.8,93.7,68.1,6.6,-0.3,-0.5
2/8/25,43,18,67,90,96.2,114,66,97.9,108.6,65.9,1.7,-5.4,-0.1
2/8/25,282,19,76,77,99,106.8,70.2,105.6,114.2,66.3,6.6,7.4,-3.9
2/8/25,318,20,76,91,115.9,103.3,71.6,121.6,100.1,64.8,5.7,-3.2,-6.8
2/8/25,183,22,68,85,102.2,108.2,63.8,114.7,111.8,70.6,12.5,3.6,6.8
2/8/25,31,24,78,71,108,107,72.5,100.5,113,65.1,-7.5,6,-7.4
2/8/25,54,28,53,67,101,115.7,62.5,101.8,114.6,68.7,0.8,-1.1,6.2
2/8/25,102,33,80,75,105,114.5,69.1,97.6,114.6,71.1,-7.4,0.1,2
2/8/25,240,34,81,82,112.9,103.4,65.6,115.4,104.1,66.8,2.5,0.7,1.2
2/8/25,106,36,71,85,108.3,99.7,71.4,108.3,108,65.1,0,8.3,-6.3
2/8/25,313,39,65,49,96.8,101.8,67.6,97.9,112,67.1,1.1,10.2,-0.5
2/8/25,345,40,76,66,107.4,95.9,66.7,111.5,107.7,67.3,4.1,11.8,0.6
2/8/25,304,45,70,85,109.7,112,65.5,103.2,107.2,66.5,-6.5,-4.8,1
2/8/25,83,46,83,88,107.4,107.9,64.6,107.4,106.5,70.4,0,-1.4,5.8
2/8/25,247,48,75,78,105.9,106.6,65.5,103.9,111.2,64.5,-2,4.6,-1
2/8/25,95,49,72,85,108.3,107.8,64.8,112.4,109.3,67.1,4.1,1.5,2.3
2/8/25,254,50,81,69,98.8,113.5,67.4,91.1,111.4,68.6,-7.7,-2.1,1.2
2/8/25,35,51,66,84,119.6,100.5,66.7,108.7,94.9,65.2,-10.9,-5.6,-1.5
2/8/25,74,52,71,77,125,88.3,65,117.9,97.8,63.4,-7.1,9.5,-1.6
2/8/25,177,53,60,77,107.7,104.9,68.8,105.7,104.8,65.6,-2,-0.1,-3.2
2/8/25,157,55,68,82,100.8,112.9,66.7,104.8,113,66.3,4,0.1,-0.4
2/8/25,114,56,69,59,123.3,88.5,60.9,107.4,102.1,67.3,-15.9,13.6,6.4
2/8/25,262,57,63,68,109.4,93.4,66.1,111.3,101.2,66,1.9,7.8,-0.1
2/8/25,30,58,72,74,105.7,110.9,64.8,110.2,115,69.9,4.5,4.1,5.1
2/8/25,363,61,103,88,115.1,103,67.7,114.3,110.7,69.8,-0.8,7.7,2.1
2/8/25,162,62,67,77,118.4,94.8,67.7,115.8,95.8,68.2,-2.6,1,0.5
2/8/25,109,64,56,76,100.9,109.9,66.2,100.6,109.4,71.1,-0.3,-0.5,4.9
2/8/25,248,65,60,71,103,108.7,64.4,112.4,108.8,65.6,9.4,0.1,1.2
2/8/25,356,67,64,74,110.2,113.9,71.3,108.5,116.3,70,-1.7,2.4,-1.3
2/8/25,286,69,79,76,114.8,110.6,68.2,98.1,114.9,66.2,-16.7,4.3,-2
2/8/25,364,71,87,72,100.2,104.6,69.8,94.5,109.4,66,-5.7,4.8,-3.8
2/8/25,124,72,81,85,107,110.9,72.4,112.4,99.2,58.8,5.4,-11.7,-13.6
2/8/25,324,73,81,79,111.3,107,65.6,103.6,105.6,62.9,-7.7,-1.4,-2.7
2/8/25,155,75,56,69,106.5,103.1,66.7,105,104.6,64.2,-1.5,1.5,-2.5
2/8/25,260,77,59,66,113.9,106.5,69.7,108.2,105.5,65.6,-5.7,-1,-4.1
2/8/25,226,81,70,76,100.8,111.1,65.5,101.4,114.1,67.9,0.6,3,2.4
2/8/25,236,82,67,72,102.9,106.7,68.7,102.9,110.5,67.7,0,3.8,-1
2/8/25,29,84,80,74,110.6,103.7,65.8,98.4,106,66,-12.2,2.3,0.2
2/8/25,253,85,77,71,105,114.1,69.8,101.4,118,65.3,-3.6,3.9,-4.5
2/8/25,344,86,58,69,93.9,112,60.4,99.5,113.7,68.8,5.6,1.7,8.4
2/8/25,153,87,82,71,108.8,105.6,64.4,98.1,105.1,69,-10.7,-0.5,4.6
2/8/25,47,96,79,72,100,110.4,68,104.7,110.3,69.3,4.7,-0.1,1.3
2/8/25,246,97,67,82,107.6,104.1,70.5,105,93.6,64.4,-2.6,-10.5,-6.1
2/8/25,267,99,46,60,101.3,104.5,64.1,106.8,97.1,67.5,5.5,-7.4,3.4
2/8/25,180,100,76,75,118.5,99.2,66.8,112.9,94.8,66.3,-5.6,-4.4,-0.5
2/8/25,322,111,100,104,110.8,110.9,67.4,118.3,111.4,65.8,7.5,0.5,-1.6
2/8/25,291,112,80,75,100.8,116.7,64.5,99.9,101.9,63.6,-0.9,-14.8,-0.9
2/8/25,27,113,52,72,99.9,110.4,62.1,102.3,115.3,65.4,2.4,4.9,3.3
2/8/25,199,115,68,81,99.1,116.2,69.6,103.1,111.9,65.2,4,-4.3,-4.4
2/8/25,207,116,78,82,104.3,115.6,66.1,107.1,119.7,68.8,2.8,4.1,2.7
2/8/25,252,117,76,78,95.8,113.3,64.7,108.7,116.8,65.7,12.9,3.5,1
2/8/25,278,122,71,66,102.7,106.2,67.5,107,115.1,64.8,4.3,8.9,-2.7
2/8/25,174,123,70,67,118.9,95.4,69.9,114.3,100.2,68.5,-4.6,4.8,-1.4
2/8/25,358,126,74,63,123.3,98.2,67.3,118.7,106.4,70.9,-4.6,8.2,3.6
2/8/25,294,127,52,82,106.8,96.9,65.9,119.2,92.9,68.7,12.4,-4,2.8
2/8/25,181,129,44,92,85,123.2,64.3,98.7,107.5,69,13.7,-15.7,4.7
2/8/25,21,130,64,73,102.8,123,65.9,102.8,102.1,68,0,-20.9,2.1
2/8/25,353,131,83,85,104.4,100.5,72.6,111,106.6,64.9,6.6,6.1,-7.7
2/8/25,208,134,69,80,109.2,117.7,68.5,101.1,107.7,64.5,-8.1,-10,-4
2/8/25,133,135,73,81,117.3,90.3,68.2,113.5,100.8,66.7,-3.8,10.5,-1.5
2/8/25,176,136,76,75,107.8,104.9,67.9,105.5,104.9,70.7,-2.3,0,2.8
2/8/25,15,137,75,76,109.9,101.1,69.2,101.1,98.4,65.1,-8.8,-2.7,-4.1
2/8/25,272,138,57,80,109,98.4,64.9,125.6,103.5,70.5,16.6,5.1,5.6
2/8/25,192,140,51,61,103.4,113.1,66.6,98.7,110.2,65.6,-4.7,-2.9,-1
2/8/25,329,141,68,70,104.7,111.1,69.2,102.8,105.8,65.8,-1.9,-5.3,-3.4
2/8/25,9,143,78,75,104.3,111.5,63.2,101.8,110.9,66.9,-2.5,-0.6,3.7
2/8/25,259,144,61,64,109.7,111.1,67.6,109.9,98.2,65.2,0.2,-12.9,-2.4
2/8/25,290,148,59,62,100.9,112.9,64.9,94.7,106.7,65,-6.2,-6.2,0.1
2/8/25,63,149,81,80,107,102.9,72.3,102,115.5,64.1,-5,12.6,-8.2
2/8/25,245,150,71,69,110,111,63,107.8,108.9,68.5,-2.2,-2.1,5.5
2/8/25,172,154,78,88,114.5,116.6,66.7,118.3,96.9,68.2,3.8,-19.7,1.5
2/8/25,263,156,72,66,111.9,99.8,67,104.1,101.5,66.9,-7.8,1.7,-0.1
2/8/25,179,158,72,70,118,94.3,67.6,109.9,100.3,68.2,-8.1,6,0.6
2/8/25,321,159,50,73,107.5,116,70.6,102.1,105.1,66.2,-5.4,-10.9,-4.4
2/8/25,258,160,83,84,95.1,106.1,63,106.4,114.6,67.8,11.3,8.5,4.8
2/8/25,125,161,75,71,97,106.2,68.7,99.5,104.3,63.6,2.5,-1.9,-5.1
2/8/25,219,167,50,65,100.3,108.5,64.1,112.7,101,64.9,12.4,-7.5,0.8
2/8/25,359,169,77,66,112.3,110.4,63.5,103.3,108.3,71.5,-9,-2.1,8
2/8/25,142,170,78,82,99.6,119.4,68.5,96.8,115.4,64.5,-2.8,-4,-4
2/8/25,42,171,51,69,100.7,121.9,65.1,100.2,102.1,64.5,-0.5,-19.8,-0.6
2/8/25,309,173,62,69,107.9,102.5,65,108.9,108.5,68.4,1,6,3.4
2/8/25,228,175,74,86,116.3,98.7,68.2,117.8,93.7,68.1,1.5,-5,-0.1
2/8/25,119,178,95,74,118.5,94.5,72.1,110,101.7,62,-8.5,7.2,-10.1
2/8/25,301,182,67,64,117.5,92.8,66.2,122.4,99.1,67.4,4.9,6.3,1.2
2/8/25,308,184,73,67,104.4,104.9,62.7,102,111.7,67.2,-2.4,6.8,4.5
2/8/25,147,187,76,62,98.7,100.6,66.7,99.2,111.3,64.2,0.5,10.7,-2.5
2/8/25,209,194,74,85,116.3,112.1,64.5,107.8,111.8,67.1,-8.5,-0.3,2.6
2/8/25,202,196,69,80,93.7,111.7,64.8,93,115.3,66.6,-0.7,3.6,1.8
2/8/25,334,198,66,63,106,104.7,67.9,104.4,104.4,65.4,-1.6,-0.3,-2.5
2/8/25,78,201,65,81,96,111.3,67.2,106,107.3,68.1,10,-4,0.9
2/8/25,234,205,66,67,118.7,102.4,66.6,116.7,99.5,71.2,-2,-2.9,4.6
2/8/25,91,210,84,70,108.5,108.1,65,112.7,118.3,72.2,4.2,10.2,7.2
2/8/25,310,211,66,76,105.5,104.1,66.4,109.2,96.6,60.5,3.7,-7.5,-5.9
2/8/25,108,212,84,75,101,110.1,64.8,104.9,107.3,67.9,3.9,-2.8,3.1
2/8/25,185,213,83,80,108.8,111.6,67.3,103.8,110.9,67.1,-5,-0.7,-0.2
2/8/25,186,214,66,73,105.6,107.9,65.8,111.3,109.9,68.7,5.7,2,2.9
2/8/25,151,215,66,64,100.7,114,66.1,95.7,113.4,69.4,-5,-0.6,3.3
2/8/25,121,216,65,68,113.4,111,64.3,111.1,105.6,65.1,-2.3,-5.4,0.8
2/8/25,250,217,81,76,104.5,105.8,68.2,100.2,107.3,65.2,-4.3,1.5,-3
2/8/25,342,220,65,63,109.6,108.7,64.4,114.6,105,64,5,-3.7,-0.4
2/8/25,10,222,72,59,102.6,100.9,64.1,107.4,108,70.4,4.8,7.1,6.3
2/8/25,296,224,70,52,117.4,86.9,63.7,119.7,100.9,67.5,2.3,14,3.8
2/8/25,274,227,75,74,111,118.7,73.9,105.6,119.8,67.7,-5.4,1.1,-6.2
2/8/25,257,229,63,49,117,94.7,62.1,116.7,104.1,63.9,-0.3,9.4,1.8
2/8/25,104,230,78,61,124.2,98.3,69.8,101.4,113.2,65.8,-22.8,14.9,-4
2/8/25,23,237,85,82,96.7,105.1,68.6,99.4,116.3,71.1,2.7,11.2,2.5
2/8/25,107,242,74,89,100.9,118.1,67.8,113.1,110.2,68.9,12.2,-7.9,1.1
2/8/25,146,243,94,81,110,102.6,65.9,105.1,108.1,68.8,-4.9,5.5,2.9
2/8/25,200,244,76,75,100.5,114.3,64.2,102,104,71,1.5,-10.3,6.8
2/8/25,268,249,59,61,102.8,109,66.4,100.3,114.6,64.7,-2.5,5.6,-1.7
2/8/25,261,265,70,93,98.6,109.3,70.3,115.6,102.1,68.1,17,-7.2,-2.2
2/8/25,328,266,65,67,108.9,112.8,67.4,108.2,105.7,65.6,-0.7,-7.1,-1.8
2/8/25,#N/A,273,75,114,#N/A,#N/A,#N/A,101.4,105.7,68.7,#N/A,#N/A,#N/A
2/8/25,120,280,67,79,111.6,108.3,69.1,105.3,106.8,68.1,-6.3,-1.5,-1
2/8/25,277,281,79,74,102.4,107.8,68.3,99.2,114.5,66.3,-3.2,6.7,-2
2/8/25,1,283,84,70,98.3,104.7,68.3,100.4,108.1,68.4,2.1,3.4,0.1
2/8/25,191,287,73,74,108.7,103,64.1,114.1,104.5,66.6,5.4,1.5,2.5
2/8/25,302,288,64,78,107.1,107.1,68.9,94,103.1,65.7,-13.1,-4,-3.2
2/8/25,80,289,83,58,110.1,113,68.3,100.6,117.7,67.6,-9.5,4.7,-0.7
2/8/25,26,292,86,95,106.9,110.2,66.3,109.6,105.8,68.5,2.7,-4.4,2.2
2/8/25,352,297,70,81,97.2,118.3,62.6,100.5,111.6,66.6,3.3,-6.7,4
2/8/25,145,298,76,84,93.3,109.7,68.9,101.4,110.5,71.4,8.1,0.8,2.5
2/8/25,79,299,54,59,94.4,110.9,66,102,113.1,67.8,7.6,2.2,1.8
2/8/25,89,303,66,64,98.2,114.2,67.6,97,107.1,69.7,-1.2,-7.1,2.1
2/8/25,132,307,69,72,109.5,107.5,65.2,112.1,115.2,69,2.6,7.7,3.8
2/8/25,90,311,79,55,114,108.8,69.5,102.1,110.5,65.7,-11.9,1.7,-3.8
2/8/25,316,314,85,67,113.6,99.1,66.2,106.2,93.2,69.2,-7.4,-5.9,3
2/8/25,38,315,64,69,106.2,113.5,65.7,108.2,107.5,66.6,2,-6,0.9
2/8/25,110,317,72,76,104.7,107.5,65.4,109.5,107.6,64.4,4.8,0.1,-1
2/8/25,232,319,54,78,115.1,101.5,69.9,115.4,94,64.8,0.3,-7.5,-5.1
2/8/25,351,323,70,74,93.3,112.1,70.4,108.2,105.8,63.4,14.9,-6.3,-7
2/8/25,357,327,105,95,107.7,109.8,72,98.3,115.8,71.9,-9.4,6,-0.1
2/8/25,293,333,56,81,95.2,105.5,65.1,104.7,101.9,68.4,9.5,-3.6,3.3
2/8/25,76,335,80,79,106,106.3,66.3,107.7,110.9,69.5,1.7,4.6,3.2
2/8/25,190,336,74,56,107.2,107.2,64.7,106,111.7,68.1,-1.2,4.5,3.4
2/8/25,300,337,78,86,116.8,97.1,66.6,116.2,101.1,69.8,-0.6,4,3.2
2/8/25,103,341,61,75,107.8,101.3,69.3,108.5,103.6,60.4,0.7,2.3,-8.9
2/8/25,306,343,70,82,94.4,116,64.3,100.9,110.9,67.1,6.5,-5.1,2.8
2/8/25,218,346,71,76,113.9,99.6,64.2,109,101.8,68.2,-4.9,2.2,4
2/8/25,233,347,86,87,103.1,108.6,69.1,111.3,105.4,69.7,8.2,-3.2,0.6
2/8/25,118,348,72,67,105.2,110.2,65,102.7,113.9,65.7,-2.5,3.7,0.7
2/8/25,204,349,78,61,110.7,107.6,66.7,98.3,114.8,67.7,-12.4,7.2,1
2/8/25,330,350,61,72,111,101.5,68.8,110.6,94.7,64,-0.4,-6.8,-4.8
2/8/25,101,354,83,57,101.9,110.3,69.9,100.6,113.1,67.2,-1.3,2.8,-2.7
2/8/25,128,360,73,91,106.9,120.5,64.8,108.5,111.2,67.5,1.6,-9.3,2.7
2/8/25,325,361,68,57,109.6,103.8,65.6,104.6,104.6,64,-5,0.8,-1.6
2/9/25,166,139,78,55,103.8,105.2,71.2,104.6,107.6,69.4,0.8,2.4,-1.8
2/9/25,251,164,81,90,114.8,102.6,68.5,119,94.9,69.2,4.2,-7.7,0.7
2/9/25,295,168,82,90,110.1,108.3,69.4,114.6,97.8,70.1,4.5,-10.5,0.7
2/9/25,223,193,71,79,117.4,95.6,67.1,114.2,97.1,67.2,-3.2,1.5,0.1
2/9/25,12,225,73,86,111.1,97.4,67.5,108,102.9,69.7,-3.1,5.5,2.2
2/9/25,355,276,75,70,107.8,106,68.9,105.9,108.1,67.8,-1.9,2.1,-1.1
2/9/25,98,284,62,52,105.8,102.5,67.7,109.8,102.8,63.3,4,0.3,-4.4
2/9/25,362,340,68,80,114.4,99.1,68.1,119.3,104.7,63.1,4.9,5.6,-5
2/10/25,105,5,72,61,96.7,111.9,64.5,96,117.5,71.1,-0.7,5.6,6.6
2/10/25,279,6,81,82,100.4,104.7,68.6,102.9,115,67.6,2.5,10.3,-1
2/10/25,181,8,39,86,84.8,124.6,64.2,97.4,111,64.9,12.6,-13.6,0.7
2/10/25,140,9,58,60,98.2,109.2,65.7,104.5,111.6,63.3,6.3,2.4,-2.4
2/10/25,206,41,62,66,99.9,115.8,70.7,103.7,103.7,66.4,3.8,-12.1,-4.3
2/10/25,205,52,65,85,116.5,99.8,70.8,119.3,98.2,63.5,2.8,-1.6,-7.3
2/10/25,48,90,75,87,105.2,112.4,64.5,114.3,108.1,69.5,9.1,-4.3,5
2/10/25,20,114,65,76,122.6,100.8,64.7,123.7,89.3,60.7,1.1,-11.5,-4
2/10/25,278,115,69,60,102.8,105.9,67.7,104.1,112.4,65,1.3,6.5,-2.7
2/10/25,199,122,65,75,99.9,117.3,69.3,106.9,115.2,64.9,7,-2.1,-4.4
2/10/25,14,129,78,94,96.5,123.3,72.4,99.6,107.5,68.8,3.1,-15.8,-3.6
2/10/25,302,141,56,67,107,108,69.1,103,106.1,65.7,-4,-1.9,-3.4
2/10/25,116,165,77,57,107.2,119.8,69,96.5,119.2,66.1,-10.7,-0.6,-2.9
2/10/25,78,167,51,67,96.7,112.3,67.1,112.5,100.7,65,15.8,-11.6,-2.1
2/10/25,94,195,69,94,101.5,109.1,71.5,113,103.3,62.9,11.5,-5.8,-8.6
2/10/25,219,201,72,60,100,108.1,64.3,107,108,67.9,7,-0.1,3.6
2/10/25,89,237,78,67,98.5,113.9,67.5,100.4,117.4,71.1,1.9,3.5,3.6
2/10/25,329,288,75,85,105,111.2,69.3,94.6,102.8,66,-10.4,-8.4,-3.3
2/10/25,23,303,80,77,97.5,105.9,68.6,96.6,107.5,69.5,-0.9,1.6,0.9
2/11/25,354,3,92,105,99.8,114,67.2,112.8,104.7,71.5,13,-9.3,4.3
2/11/25,81,19,84,86,102.2,114.7,67.8,106.2,114.9,66.3,4,0.2,-1.5
2/11/25,222,28,86,81,107.2,108.9,70.1,101.4,113.6,69,-5.8,4.7,-1.1
2/11/25,330,51,75,85,111.3,101.9,68.8,109.9,95.1,65.1,-1.4,-6.8,-3.7
2/11/25,59,62,70,66,122.3,103.9,63.9,117,96.5,67.8,-5.3,-7.4,3.9
2/11/25,312,76,75,82,116.2,111,69.4,106.9,107.1,66.3,-9.3,-3.9,-3.1
2/11/25,319,119,78,83,116.1,93.7,64.7,120.8,95.7,71.9,4.7,2,7.2
2/11/25,56,133,59,71,108.1,102.7,67.2,117.1,91,68.5,9,-11.7,1.3
2/11/25,11,135,70,73,121.3,95.1,70,114.5,100.9,66.9,-6.8,5.8,-3.1
2/11/25,45,137,83,91,104,107.1,66.9,102.1,99.3,65.2,-1.9,-7.8,-1.7
2/11/25,296,138,64,75,117.7,85.6,63.8,125.9,102.8,70.6,8.2,17.2,6.8
2/11/25,277,147,57,45,103.3,108.5,68.1,99.6,101,66.7,-3.7,-7.5,-1.4
2/11/25,70,162,58,68,108.9,105.7,67,119.1,96,67.3,10.2,-9.7,0.3
2/11/25,292,172,84,91,109.4,105.9,68.3,115.3,116.8,66.8,5.9,10.9,-1.5
2/11/25,307,173,80,92,112.8,115.6,68.6,108.9,108,68.7,-3.9,-7.6,0.1
2/11/25,241,174,73,75,123.9,96.7,65.4,119,95.5,69.8,-4.9,-1.2,4.4
2/11/25,123,175,71,67,114.3,100.2,68.3,118.7,94.2,68.2,4.4,-6,-0.1
2/11/25,88,180,81,68,125.7,93.8,68.9,119.6,99.9,66.8,-6.1,6.1,-2.1
2/11/25,120,190,53,63,111.3,108.8,69.2,107.7,106.7,64.6,-3.6,-2.1,-4.6
2/11/25,33,215,73,67,97.1,114.3,71.6,95.3,113.2,69.6,-1.8,-1.1,-2
2/11/25,124,216,73,88,107.7,111.2,72.5,110.7,105.5,65.2,3,-5.7,-7.3
2/11/25,218,228,75,81,114.3,100.5,64.2,116.9,99.5,68.3,2.6,-1,4.1
2/11/25,156,233,69,60,104.3,101.8,66.9,104.3,108.9,69.3,0,7.1,2.4
2/11/25,211,247,67,61,110.7,98,60.3,106.7,107.7,65.4,-4,9.7,5.1
2/11/25,155,248,87,80,105.8,103.6,66.9,103.7,109.5,64,-2.1,5.9,-2.9
2/11/25,97,256,76,74,106.4,94.4,64.3,108.8,104.5,67.3,2.4,10.1,3
2/11/25,265,257,64,73,116.3,102.8,68.1,117.3,93.9,62,1,-8.9,-6.1
2/11/25,262,264,69,66,109.9,94.2,65.8,108.9,109.3,65.2,-1,15.1,-0.6
2/11/25,234,270,63,83,119,102.3,66.3,117.5,101.4,69.2,-1.5,-0.9,2.9
2/11/25,4,300,103,80,125.7,98,74.1,117.5,98.4,66.7,-8.2,0.4,-7.4
2/11/25,100,301,53,69,113.6,95.9,66.4,117.5,92.3,66.2,3.9,-3.6,-0.2
2/11/25,127,318,77,65,119.8,92.9,68.7,116.5,104.3,71.6,-3.3,11.4,2.9
2/11/25,2,325,52,77,100.1,111.9,64,110,103.4,65.6,9.9,-8.5,1.6
2/11/25,232,326,67,92,114.8,102,69.8,115.9,102.6,68,1.1,0.6,-1.8
2/11/25,57,331,85,93,112.3,101.7,65.8,118.2,103.1,68.3,5.9,1.4,2.5
2/11/25,17,337,80,68,130.6,94.8,68.4,117.5,101.6,69.9,-13.1,6.8,1.5
2/11/25,35,350,73,69,119.8,102.1,66.7,111.1,94.8,64,-8.7,-7.3,-2.7
2/12/25,158,13,58,70,110.2,100.4,68.3,113,96.2,68.8,2.8,-4.2,0.5
2/12/25,282,15,67,101,99.5,107.3,70.2,110.4,101.8,69.3,10.9,-5.5,-0.9
2/12/25,220,26,97,94,113.6,105,64.3,106.9,110.3,66.1,-6.7,5.3,1.8
2/12/25,280,29,64,78,105.8,106.5,68.1,111.3,104.4,66.1,5.5,-2.1,-2
2/12/25,27,32,60,76,99.4,111,62.2,101,108.1,67.4,1.6,-2.9,5.2
2/12/25,238,47,70,71,104.6,113,63.7,101.3,110.9,67.5,-3.3,-2.1,3.8
2/12/25,250,53,68,59,105.3,106.5,68.3,105.6,103.9,65.8,0.3,-2.6,-2.5
2/12/25,40,74,57,78,112,108.7,67.1,125.6,90,65.1,13.6,-18.7,-2
2/12/25,66,93,93,76,115.9,105.3,65.3,106.5,109.7,69.6,-9.4,4.4,4.3
2/12/25,169,95,72,96,103,108.5,71.6,108.6,108.7,65,5.6,0.2,-6.6
2/12/25,338,98,80,72,114.3,95.4,66.8,105.9,101.4,67.8,-8.4,6,1
2/12/25,287,103,52,60,114.3,104.9,66.9,108.2,102.8,69.1,-6.1,-2.1,2.2
2/12/25,55,113,87,65,105.1,113,66.5,102.8,114.6,65.6,-2.3,1.6,-0.9
2/12/25,72,121,84,77,112.9,100,58.8,113.3,110.9,64.5,0.4,10.9,5.7
2/12/25,221,128,82,67,106.9,109.4,62.3,107.5,121.6,64.8,0.6,12.2,2.5
2/12/25,309,151,74,56,107.2,102.3,65.3,100.4,113.7,66.3,-6.8,11.4,1
2/12/25,16,157,64,60,103.7,114.3,67.4,101,113.5,66.9,-2.7,-0.8,-0.5
2/12/25,65,166,77,68,113,109.2,65.3,104.9,104.6,70.8,-8.1,-4.6,5.5
2/12/25,224,182,58,82,119,101.2,67.5,121.9,98.9,67.4,2.9,-2.3,-0.1
2/12/25,84,183,54,71,99,106.6,66.4,102.5,109.1,63.8,3.5,2.5,-2.6
2/12/25,154,191,91,66,118.6,97.4,68.4,109.1,103.2,64.3,-9.5,5.8,-4.1
2/12/25,143,192,60,63,101.8,111.2,67,102.4,112.9,66.7,0.6,1.7,-0.3
2/12/25,361,197,67,71,104.3,104.8,64.1,114,95.8,72.7,9.7,-9,8.6
2/12/25,42,200,60,71,100.3,121.9,65.2,101.7,114.8,64.2,1.4,-7.1,-1
2/12/25,346,223,69,93,109.7,101.9,68.2,117.8,96.6,67.1,8.1,-5.3,-1.1
2/12/25,362,240,91,82,114.6,100,68.1,113.7,104.1,65.8,-0.9,4.1,-2.3
2/12/25,284,246,64,68,108.7,102.7,63.4,108.6,105.3,70.3,-0.1,2.6,6.9
2/12/25,126,251,84,73,118,106.1,70.8,115.3,102.9,68.8,-2.7,-3.2,-2
2/12/25,139,255,63,75,104.2,108.9,69,109.7,100.4,68.5,5.5,-8.5,-0.5
2/12/25,49,260,82,68,113.4,109.5,67.2,113,106.2,69.6,-0.4,-3.3,2.4
2/12/25,179,272,72,68,118.1,94.5,67.6,108.7,98.4,65,-9.4,3.9,-2.6
2/12/25,225,294,72,73,108.8,102.7,70,106.6,97.5,65.8,-2.2,-5.2,-4.2
2/12/25,311,295,80,74,101.1,110.9,65.7,111.1,108.9,69.5,10,-2,3.8
2/12/25,12,305,106,111,111,98.2,67.9,122.9,96.3,65.3,11.9,-1.9,-2.6
2/12/25,359,306,74,71,112.3,109.9,63.7,95,116.8,64.6,-17.3,6.9,0.9
2/12/25,343,323,54,80,101.6,111.4,67.4,108.7,106.9,63.3,7.1,-4.5,-4.1
2/12/25,322,327,92,85,111.3,111,68,99.3,116.7,72.2,-12,5.7,4.2
2/12/25,22,336,86,101,115.4,112.1,70.6,105.5,112.3,68.1,-9.9,0.2,-2.5
2/12/25,285,340,71,73,112.9,88,69.8,120.2,105.1,63.1,7.3,17.1,-6.7
2/12/25,92,345,72,70,109.8,100,69.9,108.3,96.1,66.6,-1.5,-3.9,-3.3
2/12/25,77,351,67,76,108,104.6,65.6,94.2,112.2,70.3,-13.8,7.6,4.7
2/12/25,335,355,64,69,108.2,111.5,69.5,108.1,106,68.9,-0.1,-5.5,-0.6
2/12/25,245,357,74,78,110.1,110.9,62.9,108.7,110.6,72.3,-1.4,-0.3,9.4
2/12/25,242,364,71,93,113,110.4,69.2,101.6,105.4,69.6,-11.4,-5,0.4
2/13/25,266,1,59,75,108,106,65.6,99.6,105.1,68.5,-8.4,-0.9,2.9
2/13/25,91,18,60,73,108.9,107.8,65,99.5,109.3,66,-9.4,1.5,1
2/13/25,243,21,92,87,106.1,109.6,68.9,103.5,123.2,65.7,-2.6,13.6,-3.2
2/13/25,202,31,66,88,94.5,113.4,64.9,108.8,107.9,72.3,14.3,-5.5,7.4
2/13/25,316,38,73,54,115.2,99.6,66.1,106.5,113.9,65.6,-8.7,14.3,-0.5
2/13/25,37,39,98,83,107.1,112.8,73,97.5,112.4,67.1,-9.6,-0.4,-5.9
2/13/25,130,43,77,62,103,102.8,67.8,96.9,115.7,66.2,-6.1,12.9,-1.6
2/13/25,170,44,63,73,97.9,116.5,64.5,101.7,103,65.2,3.8,-13.5,0.7
2/13/25,10,54,64,46,103.8,101,63.8,100.1,115.4,62.7,-3.7,14.4,-1.1
2/13/25,298,79,66,49,102.6,111.6,71.3,94.2,110.6,65.8,-8.4,-1,-5.5
2/13/25,349,80,73,95,98.5,115.6,67.5,110.9,112.7,68.1,12.4,-2.9,0.6
2/13/25,206,83,60,59,100.3,115.6,70.4,108,108.7,64.8,7.7,-6.9,-5.6
2/13/25,50,86,49,91,91.7,112.8,68.6,99.6,113.5,69,7.9,0.7,0.4
2/13/25,132,101,77,72,110.1,108.3,64.9,102.8,110.1,69.9,-7.3,1.8,5
2/13/25,226,102,75,97,101.7,112.4,65.4,104.9,114.4,69.4,3.2,2,4
2/13/25,263,104,77,88,112.5,100.1,67.1,124.3,98.5,69.9,11.8,-1.6,2.8
2/13/25,73,108,58,63,103.5,105.9,63.1,103.4,111.4,64.6,-0.1,5.5,1.5
2/13/25,149,110,60,62,103.2,116.2,64.1,105.1,107.8,65.8,1.9,-8.4,1.7
2/13/25,150,111,72,83,108.2,109.5,68.4,118.6,111.8,66.3,10.4,2.3,-2.1
2/13/25,344,142,68,72,93.6,112.6,60.6,100.6,120.6,68.5,7,8,7.9
2/13/25,187,145,60,73,100,112.7,64.2,94.3,110.8,68.8,-5.7,-1.9,4.6
2/13/25,289,146,60,93,100.2,118.6,67.5,111.8,103.5,66.1,11.6,-15.1,-1.4
2/13/25,299,147,75,79,101.8,113,67.6,98.4,100.7,66.5,-3.4,-12.3,-1.1
2/13/25,304,152,72,60,109.8,112.9,65.7,96.3,113.9,67.6,-13.5,1,1.9
2/13/25,136,153,69,47,105.9,105.3,70.6,110.3,106.6,64.4,4.4,1.3,-6.2
2/13/25,230,156,83,58,101.8,113.3,65.7,104.2,101.4,66.8,2.4,-11.9,1.1
2/13/25,118,185,68,81,105.8,110.4,65.1,110.4,113,67.1,4.6,2.6,2
2/13/25,348,186,66,74,102.8,114.3,65.8,105.8,108.1,65.7,3,-6.2,-0.1
2/13/25,164,193,83,75,119.4,95.5,69.5,115.3,97.6,67.2,-4.1,2.1,-2.3
2/13/25,144,198,64,54,109.7,98.4,65.2,104.3,104.6,65.5,-5.4,6.2,0.3
2/13/25,210,204,70,83,112.5,118.8,72.2,111.5,107.8,66.6,-1,-11,-5.6
2/13/25,69,208,68,64,99.4,115.7,66.1,109.8,118.6,68.4,10.4,2.9,2.3
2/13/25,227,209,88,94,104.6,118.8,67.8,116.7,113.4,64.5,12.1,-5.4,-3.3
2/13/25,41,212,58,67,103.6,104.1,66,105.6,109.2,67.8,2,5.1,1.8
2/13/25,261,233,81,88,99.2,110.2,70.2,104,109,69.2,4.8,-1.2,-1
2/13/25,229,235,72,84,116.3,104.5,63.7,102.9,116.1,68.1,-13.4,11.6,4.4
2/13/25,213,236,46,58,105.3,112.7,66.8,103.2,107.4,68.5,-2.1,-5.3,1.7
2/13/25,214,252,77,61,111.5,110,68.6,96.2,113.3,65.2,-15.3,3.3,-3.4
2/13/25,131,259,61,66,112.4,107.9,64.9,110,110.7,67.6,-2.4,2.8,2.7
2/13/25,297,269,76,71,101,112,67.1,100.7,106,65.4,-0.3,-6,-1.7
2/13/25,163,271,82,91,106.5,107.7,68,106.2,103.4,63.1,-0.3,-4.3,-4.9
2/13/25,134,274,72,79,102.3,108.4,64.5,110.4,118,74.1,8.1,9.6,9.6
2/13/25,194,275,85,98,109,112,67.2,111.5,105.6,68.9,2.5,-6.4,1.7
2/13/25,168,276,80,65,115.5,98.9,70.1,105.9,108.5,67.8,-9.6,9.6,-2.3
2/13/25,332,283,74,76,102.1,114.3,66.7,100.6,109.5,68.4,-1.5,-4.8,1.7
2/13/25,254,290,74,79,100.2,114.2,67.3,101.2,113.3,64.8,1,-0.9,-2.5
2/13/25,184,291,79,69,103,112.8,67.2,102.9,117.8,64.6,-0.1,5,-2.6
2/13/25,106,293,64,60,107.8,100.4,71.8,95.6,106.6,65,-12.2,6.2,-6.8
2/13/25,67,308,70,75,107.8,114.9,70.2,105.1,105.5,62.7,-2.7,-9.4,-7.5
2/13/25,315,313,74,75,108.4,107.8,66.5,97,101.5,67.5,-11.4,-6.3,1
2/13/25,317,314,60,62,109.9,108,64.8,106.6,94.7,69.3,-3.3,-13.3,4.5
2/13/25,7,320,90,88,102.9,111.9,67.4,108.9,113.4,69.3,6,1.5,1.9
2/13/25,24,321,77,81,100.9,113.6,65,106.6,116.1,70.6,5.7,2.5,5.6
2/13/25,46,324,66,86,107.7,106.9,70.6,111.6,107,65.7,3.9,0.1,-4.9
2/13/25,36,328,79,82,109,107.8,65.5,109,112.6,67.4,0,4.8,1.9
2/13/25,87,334,63,77,99,106.4,69,106.3,104.3,68,7.3,-2.1,-1
2/13/25,196,339,59,79,94.6,116.3,66.8,97.8,106.1,62.5,3.2,-10.2,-4.3
2/13/25,281,352,62,87,100.3,115.7,66.3,97.7,119,63,-2.6,3.3,-3.3
2/13/25,112,356,60,61,100.6,104,63.7,109,113.3,71.5,8.4,9.3,7.8
2/14/25,239,30,56,70,109.1,106.7,66.4,105.9,111.1,65,-3.2,4.4,-1.4
2/14/25,58,64,56,78,110.4,115.2,70.1,102,109.7,70.7,-8.4,-5.5,0.6
2/14/25,217,107,73,60,101.5,108.8,65.3,101.4,118.7,67.9,-0.1,9.9,2.6
2/14/25,61,109,73,75,115.7,112.8,70.1,101,111.4,65.8,-14.7,-1.4,-4.3
2/14/25,319,123,72,68,117.2,95,64.5,115.3,100.2,68.1,-1.9,5.2,3.6
2/14/25,249,125,74,71,100.8,114.8,64.6,98.8,107.7,68.7,-2,-7.1,4.1
2/14/25,222,137,75,76,107.7,109.2,70.3,104.3,101.2,65.3,-3.4,-8,-5
2/14/25,256,155,69,78,109.5,105.6,67.1,107.4,105,66.7,-2.1,-0.6,-0.4
2/14/25,171,160,75,79,100.8,102.6,64.6,108.1,116.4,67.7,7.3,13.8,3.1
2/14/25,360,177,80,88,109.9,112.1,67.4,107.5,105.7,69.1,-2.4,-6.4,1.7
2/14/25,189,200,84,83,100.6,108.9,67.4,101.9,114.9,64.2,1.3,6,-3.2
2/14/25,244,253,99,90,103,105.9,70.9,105.8,114.7,69.8,2.8,8.8,-1.1
2/14/25,85,258,52,65,101.9,118.8,65.3,97.1,108,62.8,-4.8,-10.8,-2.5
2/14/25,195,264,73,58,114,103.9,63,109.7,109.4,65.4,-4.3,5.5,2.4
2/14/25,161,268,65,64,100.8,106.4,63.5,103,109.7,66.2,2.2,3.3,2.7
2/14/25,231,363,71,72,104,115,66.1,117.2,104.3,68,13.2,-10.7,1.9
2/15/25,17,4,94,85,131.2,95.2,67.9,127.4,98.5,74,-3.8,3.3,6.1
2/15/25,157,9,51,72,100.6,113.4,66.8,104.6,112,63.2,4,-1.4,-3.6
2/15/25,114,11,62,58,124.7,90.2,60.7,120.4,94.9,70.3,-4.3,4.7,9.6
2/15/25,294,12,74,70,106.5,97.9,66,112.5,99.1,68,6,1.2,2
2/15/25,6,14,75,63,103.8,115.6,67.8,97.6,124.5,72.2,-6.2,8.9,4.4
2/15/25,309,15,71,70,107.6,102.1,65.3,111.3,102,69.4,3.7,-0.1,4.1
2/15/25,289,18,63,76,100.2,119.2,67.5,100.7,109.1,65.7,0.5,-10.1,-1.8
2/15/25,215,19,83,89,95,113.6,69.3,106.4,115.4,66.1,11.4,1.8,-3.2
2/15/25,350,20,71,74,111.5,95.6,63.9,123.5,101.7,64.7,12,6.1,0.8
2/15/25,349,21,81,76,98.5,116.2,67.7,104.1,123.6,65.7,5.6,7.4,-2
2/15/25,8,23,78,74,97.9,110.8,65,98.8,107,68.5,0.9,-3.8,3.5
2/15/25,55,27,91,93,106.5,113.2,66.5,99.6,111.9,62.3,-6.9,-1.3,-4.2
2/15/25,231,30,72,82,104.5,114.4,65.9,105.5,109.5,65.2,1,-4.9,-0.7
2/15/25,321,31,79,81,106.6,116.1,70.8,109.1,108.1,72.5,2.5,-8,1.7
2/15/25,28,33,63,59,101.6,113.9,69.2,97.4,114.1,71.3,-4.2,0.2,2.1
2/15/25,99,34,86,97,106.9,97.2,67.4,116.5,105.5,66.9,9.6,8.3,-0.5
2/15/25,135,35,65,80,114.3,100.2,67.2,120.6,102.2,66.6,6.3,2,-0.6
2/15/25,332,36,83,86,103,115,66.5,108.8,107.8,65.7,5.8,-7.2,-0.8
2/15/25,39,38,54,91,97.5,112.8,67.7,106.6,114.3,65.3,9.1,1.5,-2.4
2/15/25,210,43,83,84,112.3,118.8,72.1,97,116,66.2,-15.3,-2.8,-5.9
2/15/25,254,44,67,83,101.1,115.2,67.2,101.8,103.2,65.4,0.7,-12,-1.8
2/15/25,3,45,85,82,113.7,106,71.7,106,109,66.9,-7.7,3,-4.8
2/15/25,76,48,75,59,108,107.9,66.1,105.6,112.9,64.7,-2.4,5,-1.4
2/15/25,77,49,71,78,107.9,105.8,65.5,114,108.9,67.2,6.1,3.1,1.7
2/15/25,132,54,74,73,110.6,108.7,64.7,99.5,115.6,62.6,-11.1,6.9,-2.1
2/15/25,318,56,63,76,116.5,104.5,71.4,108.5,102.7,66.9,-8,-1.8,-4.5
2/15/25,361,57,53,88,104.9,104.6,64.2,113.7,103.2,65.7,8.8,-1.4,1.5
2/15/25,37,63,85,89,107.6,112.8,73.6,108,104.3,72.4,0.4,-8.5,-1.2
2/15/25,61,64,49,88,114.8,112.5,70.3,102.2,108.3,70.3,-12.6,-4.2,0
2/15/25,98,65,74,67,107,102.7,67.6,113.7,109.4,65.1,6.7,6.7,-2.5
2/15/25,75,66,76,77,105.6,104.5,64.4,117.5,106.4,65.1,11.9,1.9,0.7
2/15/25,41,67,96,91,103.3,104.4,66,108.2,115.1,70.3,4.9,10.7,4.3
2/15/25,116,68,69,90,107.6,119,68.9,100.7,112.8,69.6,-6.9,-6.2,0.7
2/15/25,287,74,70,106,113.5,104.7,66.6,125.6,90.1,65.1,12.1,-14.6,-1.5
2/15/25,141,78,65,55,103.2,105.7,65.5,97.1,112.5,66.8,-6.1,6.8,1.3
2/15/25,297,79,72,68,101.9,112.1,67.2,93.1,110.4,65.6,-8.8,-1.7,-1.6
2/15/25,243,80,80,86,106.4,110.2,68.9,111.5,113.1,68.3,5.1,2.9,-0.6
2/15/25,307,81,73,80,113,116.2,68.7,102.7,115.2,67.6,-10.3,-1,-1.1
2/15/25,117,82,73,75,109.2,117.6,66.2,104.1,111.3,67.4,-5.1,-6.3,1.2
2/15/25,272,88,67,88,109.3,98.9,64.9,126.1,93.5,69,16.8,-5.4,4.1
2/15/25,129,89,71,76,100.5,108.3,68.6,98.8,113.2,67.5,-1.7,4.9,-1.1
2/15/25,52,92,72,46,120.1,98.2,63.6,110.8,100.5,69.9,-9.3,2.3,6.3
2/15/25,325,94,52,51,110.6,103.4,65.5,102,110,71.6,-8.6,6.6,6.1
2/15/25,323,95,58,50,109.1,106.5,63.7,110.1,109.2,65,1,2.7,1.3
2/15/25,255,97,57,58,109.7,100.4,68.5,107,94.8,64.2,-2.7,-5.6,-4.3
2/15/25,182,100,87,74,122.1,98,67.7,113.6,96.3,66.3,-8.5,-1.7,-1.4
2/15/25,226,101,75,78,101.9,113.6,65.6,103.2,110.7,69.7,1.3,-2.9,4.1
2/15/25,10,102,65,70,104,100.6,63.7,106,114.6,69.6,2,14,5.9
2/15/25,40,103,88,90,112.3,108.9,67.1,107.8,101.9,68.8,-4.5,-7,1.7
2/15/25,233,104,55,107,104.7,109.5,69.3,124.6,98.9,69.9,19.9,-10.6,0.6
2/15/25,303,105,67,60,97.9,109,69.4,96.8,111.4,64.5,-1.1,2.4,-4.9
2/15/25,112,108,49,67,100.2,103.6,63.6,103.7,111.2,64.7,3.5,7.6,1.1
2/15/25,58,109,75,87,109.1,115.4,69.7,100.7,110.4,66.1,-8.4,-5,-3.6
2/15/25,314,110,66,49,106,94.6,69.2,104.8,107.9,65.6,-1.2,13.3,-3.6
2/15/25,175,119,79,65,118.4,94.9,67.9,121.8,96.6,71.8,3.4,1.7,3.9
2/15/25,121,124,76,85,114.1,111.8,64.9,108.2,112,72.3,-5.9,0.2,7.4
2/15/25,51,127,70,81,111.1,96.1,65.1,120.1,92.8,68.5,9,-3.3,3.4
2/15/25,32,140,75,69,101.7,108.3,67.5,98.4,109.2,65.7,-3.3,0.9,-1.8
2/15/25,50,142,75,80,91,113.8,68.6,100.5,120.3,68.6,9.5,6.5,0
2/15/25,113,143,60,72,103,116.1,65.5,101.5,110.9,67.1,-1.5,-5.2,1.6
2/15/25,281,145,78,81,99.9,116.9,66.4,94.8,110.5,68.8,-5.1,-6.4,2.4
2/15/25,91,146,68,82,108.9,109,64.8,112.3,103.5,66.1,3.4,-5.5,1.3
2/15/25,86,148,58,62,100.7,113,68.9,95.2,107.3,64.8,-5.5,-5.7,-4.1
2/15/25,238,150,77,68,104.9,113.2,63.7,108.2,109.6,68.5,3.3,-3.6,4.8
2/15/25,163,151,68,79,106.9,108.3,68.2,100.3,114.2,66.3,-6.6,5.9,-1.9
2/15/25,282,152,74,81,99.8,108.2,70.3,95.8,113.7,67.6,-4,5.5,-2.7
2/15/25,131,153,70,68,111.7,107.3,65,109.3,107.3,64,-2.4,0,-1
2/15/25,339,159,65,61,98.6,106.4,62.5,102.3,104.6,66.1,3.7,-1.8,3.6
2/15/25,203,165,75,63,109,109.7,65.8,95.4,119.6,66.1,-13.6,9.9,0.3
2/15/25,284,166,73,59,108.6,102.9,63.3,104.8,105.5,70.6,-3.8,2.6,7.3
2/15/25,343,169,80,71,101.2,111.5,67.7,103.4,109.9,71.6,2.2,-1.6,3.9
2/15/25,180,179,81,71,119.5,100,66.9,118.8,95.1,67.6,-0.7,-4.9,0.7
2/15/25,5,181,82,70,95.6,117.9,71.2,84.3,125.7,64.2,-11.3,7.8,-7
2/15/25,348,185,58,65,102.8,114.4,66,111,113,67.2,8.2,-1.4,1.2
2/15/25,118,186,69,74,105.9,110.8,65.2,105.9,108.2,65.9,0,-2.6,0.7
2/15/25,26,191,62,70,107.8,110.8,66.2,109.2,104.4,64.5,1.4,-6.4,-1.7
2/15/25,16,192,54,61,103.7,113.8,67.3,102.3,112.8,66.7,-1.4,-1,-0.6
2/15/25,320,196,79,80,109.1,114.2,69.2,95,117.4,66.7,-14.1,3.2,-2.5
2/15/25,87,198,48,76,99,106.8,69.1,103.9,104.5,65.5,4.9,-2.3,-3.6
2/15/25,167,199,78,64,112.7,100.9,64.7,100.3,117.7,69.2,-12.4,16.8,4.5
2/15/25,24,202,75,71,100.9,113.5,65.2,94.4,113.5,65.1,-6.5,0,-0.1
2/15/25,130,204,79,92,103.4,102.9,67.8,111.4,107.5,66.5,8,4.6,-1.3
2/15/25,46,206,69,59,107.8,107.8,70.5,100.2,114.8,70.2,-7.6,7,-0.3
2/15/25,60,207,59,71,88.1,113.5,67.7,104.9,116.3,66.3,16.8,2.8,-1.4
2/15/25,227,208,77,88,105.3,119,67.9,108.6,118.1,68.6,3.3,-0.9,0.7
2/15/25,69,209,84,89,98.9,114.4,66.2,116.8,114,64.6,17.9,-0.4,-1.6
2/15/25,291,212,60,71,103,118.5,64.7,105.8,109,67.7,2.8,-9.5,3
2/15/25,288,219,70,68,95.6,103.2,66.3,100.8,107.6,64.4,5.2,4.4,-1.9
2/15/25,158,224,82,79,110.2,100.7,68.1,118.3,101.2,67.8,8.1,0.5,-0.3
2/15/25,305,225,93,55,124.1,98,65.4,109.3,102.8,70.2,-14.8,4.8,4.8
2/15/25,230,229,65,79,103.3,112.4,65.8,116,105.7,63.8,12.7,-6.7,-2
2/15/25,346,232,75,73,110.1,102.9,68.3,114.6,103.2,69.8,4.5,0.3,1.5
2/15/25,172,234,65,74,116.1,117.1,67,118.8,103,66.2,2.7,-14.1,-0.8
2/15/25,156,235,78,89,103.5,102.7,66.8,104.3,115.8,68.2,0.8,13.1,1.4
2/15/25,214,236,71,82,111.7,109.7,68.7,102.9,106.4,68.2,-8.8,-3.3,-0.5
2/15/25,340,240,62,75,121.2,105.9,62.9,114.2,105.2,66.2,-7,-0.7,3.3
2/15/25,358,241,94,84,123.7,97.9,67.1,124.1,96.9,65.4,0.4,-1,-1.7
2/15/25,139,246,71,86,104.2,109,69.1,108.8,105.5,70.2,4.6,-3.5,1.1
2/15/25,93,248,66,70,107.5,111.4,69.4,104.6,111,63.9,-2.9,-0.4,-5.5
2/15/25,242,250,69,76,113.1,112.2,69,106,106.1,68.2,-7.1,-6.1,-0.8
2/15/25,213,252,65,61,104.4,112.1,66.4,95.9,113.3,65.3,-8.5,1.2,-1.1
2/15/25,347,257,56,77,112.4,106.6,69.9,117.5,93.9,62.1,5.1,-12.7,-7.8
2/15/25,136,259,76,78,106.6,103.9,70.3,109.7,110,67.8,3.1,6.1,-2.5
2/15/25,263,261,84,61,113,100.5,67,99.8,110.6,70.3,-13.2,10.1,3.3
2/15/25,25,262,47,64,117.2,100.9,66.1,109.8,94.3,66.1,-7.4,-6.6,0
2/15/25,59,267,68,69,122.5,103.5,63.9,101.1,104.8,63.9,-21.4,1.3,0
2/15/25,298,269,72,84,102.6,110.5,71.1,100.8,106.8,65.6,-1.8,-3.7,-5.5
2/15/25,345,270,77,66,108.7,97,66.5,118.4,101.1,69.1,9.7,4.1,2.6
2/15/25,304,271,65,70,109.8,112.6,65.7,106.9,103.9,63.2,-2.9,-8.7,-2.5
2/15/25,188,273,62,90,103.8,119,70.7,101.9,106.4,68.6,-1.9,-12.6,-2.1
2/15/25,299,277,69,83,102.6,113.7,67.7,103.5,107.4,67.9,0.9,-6.3,0.2
2/15/25,201,278,81,84,106.6,108.8,68,103.7,106.1,67.5,-2.9,-2.7,-0.5
2/15/25,237,279,60,72,99.9,117.8,71.2,101.1,105.7,68.9,1.2,-12.1,-2.3
2/15/25,22,280,73,68,115.8,113.8,70.6,106.2,107.3,67.8,-9.6,-6.5,-2.8
2/15/25,333,283,70,68,106.2,103.1,68.3,101.2,110.4,68.3,-5,7.3,0
2/15/25,194,286,84,95,109.9,113,67.2,115.9,112.2,67.9,6,-0.8,0.7
2/15/25,170,290,73,85,98.1,116.7,64.7,102.1,114.2,64.7,4,-2.5,0
2/15/25,205,292,88,82,116.4,100.5,71,109.6,106.6,68.5,-6.8,6.1,-2.5
2/15/25,266,293,64,67,107.4,106.4,65.8,95.5,106.3,64.9,-11.9,-0.1,-0.9
2/15/25,337,296,76,81,118,102,69.6,117.7,86.3,63.6,-0.3,-15.7,-6
2/15/25,138,300,78,82,127,102.5,70.4,118.2,100.3,66.5,-8.8,-2.2,-3.9
2/15/25,13,301,61,69,113.5,96.3,68.6,117.8,92.1,66,4.3,-4.2,-2.6
2/15/25,122,302,55,69,107.5,115.6,64.7,106.7,108.4,68.9,-0.8,-7.2,4.2
2/15/25,184,308,54,80,103.6,113,67.3,105.3,105.7,62.8,1.7,-7.3,-4.5
2/15/25,247,310,78,81,107.5,108.6,65.3,107.1,105.8,66.3,-0.4,-2.8,1
2/15/25,335,311,76,80,108,111.2,69.6,102.4,111.1,65.6,-5.6,-0.1,-4
2/15/25,317,315,69,81,109.8,107.5,64.8,109,108.6,66.6,-0.8,1.1,1.8
2/15/25,313,316,60,85,97.7,102.1,67.5,115.8,99.5,65.8,18.1,-2.6,-1.7
2/15/25,47,322,72,75,101.7,111.3,67.6,111.9,111.6,68.2,10.2,0.3,0.6
2/15/25,83,324,81,70,107.2,108.7,64.6,112.5,107.1,65.7,5.3,-1.6,1.1
2/15/25,178,326,69,66,111.4,104,61.8,117.1,102.6,67.9,5.7,-1.4,6.1
2/15/25,96,327,96,87,105.7,112,68.9,100.1,117.1,72.4,-5.6,5.1,3.5
2/15/25,106,328,82,75,107.3,100.6,71.7,109,112.5,67.5,1.7,11.9,-4.2
2/15/25,115,329,52,76,104.4,113.2,64.9,105.7,112.2,69.7,1.3,-1,4.8
2/15/25,133,330,67,74,117.4,91.5,68.3,112.4,103.1,68.8,-5,11.6,0.5
2/15/25,144,334,76,69,109.8,98.2,65.2,106.7,104.6,68,-3.1,6.4,2.8
2/15/25,341,342,73,70,110.3,104.4,60.3,110,108.4,64.7,-0.3,4,4.4
2/15/25,306,351,73,76,95.8,117.1,64.4,95.4,111.9,70.2,-0.4,-5.2,5.8
2/15/25,187,352,67,72,99.7,113.2,64.2,98.9,118.7,63.2,-0.8,5.5,-1
2/15/25,176,353,87,77,109.1,105.6,67.8,106.2,102,72.6,-2.9,-3.6,4.8
2/15/25,173,354,70,78,109.4,108.1,68.8,100.9,114.9,67.5,-8.5,6.8,-1.3
2/15/25,73,356,59,72,103.4,106,63.1,108.7,113.1,71.3,5.3,7.1,8.2
2/15/25,111,357,88,66,118.8,111.8,66.3,108.8,110.7,72.4,-10,-1.1,6.1
2/15/25,260,359,76,68,112.5,106.9,69.6,112.5,110.8,63.5,0,3.9,-6.1
2/15/25,70,362,68,85,108.6,105.1,67.1,115.5,100.5,68.4,6.9,-4.6,1.3
2/15/25,239,363,57,84,107.6,106.4,66.6,116.6,104.9,67.8,9,-1.5,1.2
2/16/25,189,42,73,66,101.1,109.3,67.8,100.1,122,65.3,-1,12.7,-2.5
2/16/25,364,53,68,60,103,105.5,69.6,105.4,104.7,65.8,2.4,-0.8,-3.8
2/16/25,29,72,61,59,112.2,104.8,66.1,114,100.6,59.4,1.8,-4.2,-6.7
2/16/25,336,84,69,79,107.2,112.9,68.2,98.8,107.2,66.5,-8.4,-5.7,-1.7
2/16/25,160,85,80,67,108.7,116.5,67.9,100.6,118,65.7,-8.1,1.5,-2.2
2/16/25,360,107,68,79,110,112.6,67.4,100.1,117.9,68.4,-9.9,5.3,1
2/16/25,183,120,58,63,103.3,108.9,63.9,110.8,108.8,69.1,7.5,-0.1,5.2
2/16/25,126,164,75,101,118.7,105.7,70.8,120.5,96,69.5,1.8,-9.7,-1.3
2/16/25,161,171,61,60,100.9,106.1,63.8,100.7,103,64.8,-0.2,-3.1,1
2/16/25,217,177,70,92,100.7,107.7,65.9,107.7,105.9,68.9,7,-1.8,3
2/16/25,331,197,79,82,120,104.6,68.6,113.9,96.3,73,-6.1,-8.3,4.4
2/16/25,193,218,68,64,115.9,98.6,67.3,115.1,101.2,64.5,-0.8,2.6,-2.8
2/16/25,154,220,75,60,119.9,97.7,68.7,114.3,105.8,64.6,-5.6,8.1,-4.1
2/16/25,71,221,83,93,95.8,111.3,66.1,107.9,109.8,62.7,12.1,-1.5,-3.4
2/16/25,174,223,86,83,119.1,95.6,69.9,118.8,96.9,67.3,-0.3,1.3,-2.6
2/16/25,251,228,57,75,115.2,103.8,68.9,117.6,100.1,68.5,2.4,-3.7,-0.4
2/16/25,125,244,74,79,98.4,108,68.8,103.2,105.7,71.6,4.8,-2.3,2.8
2/16/25,268,253,80,73,102.7,109.5,66.4,105.9,114.8,70.5,3.2,5.3,4.1
2/16/25,249,258,65,66,101,114.4,64.8,96.2,106.6,63.2,-4.8,-7.8,-1.6
2/16/25,275,274,94,91,112.5,106.4,69.2,110.3,117.6,74.3,-2.2,11.2,5.1
2/16/25,62,285,73,79,116.7,96.9,68,113.4,88.9,69.7,-3.3,-8,1.7
2/16/25,90,295,83,81,114.5,108.5,69.9,111.3,110.5,69.5,-3.2,2,-0.4
2/16/25,276,312,78,85,105.3,108.1,68.4,116.8,112.1,69.2,11.5,4,0.8
2/16/25,168,355,79,84,115.3,98.5,70.5,107.6,105.8,69,-7.7,7.3,-1.5
2/17/25,5,14,75,61,95.9,118.1,71.6,96.6,123.7,72.5,0.7,5.6,0.9
2/17/25,11,20,74,67,119.9,94.3,70.4,123,101.5,65.1,3.1,7.2,-5.3
2/17/25,129,23,84,71,100.7,108.9,68.7,99.1,107.9,68.8,-1.6,-1,0.1
2/17/25,143,32,50,67,101.6,110.8,67.1,102.1,108.3,67.9,0.5,-2.5,0.8
2/17/25,288,78,76,74,96.5,103.5,66.6,96.6,112.1,67.2,0.1,8.6,0.6
2/17/25,8,89,76,85,98.9,111.1,65.3,99.8,113.5,67.6,0.9,2.4,2.3
2/17/25,237,105,48,70,99.4,117.4,71.3,96.3,111.4,64.8,-3.1,-6,-6.5
2/17/25,165,116,62,86,95.3,119.7,66.3,107,119.5,69.2,11.7,-0.2,2.9
2/17/25,6,181,79,56,103.3,114.8,68,84.6,126.3,64.6,-18.7,11.5,-3.4
2/17/25,216,190,74,67,111.8,106.1,65.4,107.7,106.1,64.6,-4.1,0,-0.8
2/17/25,201,199,78,62,107,109.2,68.1,100.4,117.6,69.4,-6.6,8.4,1.3
2/17/25,68,203,84,96,101.1,112.2,70,108.9,109.7,66,7.8,-2.5,-4
2/17/25,188,207,92,78,103.6,119.9,70.7,104.6,116.3,66.6,1,-3.6,-4.1
2/17/25,141,219,75,65,103.1,105,65.7,101.2,108.1,64.8,-1.9,3.1,-0.9
2/17/25,60,273,57,87,87.8,113.2,68,102.3,106.2,68.6,14.5,-7,0.6
2/17/25,167,278,88,82,112.8,100.9,65,104.1,106.4,67.6,-8.7,5.5,2.6
2/17/25,303,279,57,66,97.8,108.4,69.8,100.7,105.4,69,2.9,-3,-0.8
2/17/25,115,302,62,68,103.5,113.2,65,106.8,107.8,68.8,3.3,-5.4,3.8
2/17/25,122,329,66,60,107.2,115.7,64.6,105.9,111,69.8,-1.3,-4.7,5.2
2/17/25,135,330,69,74,114.1,100.6,67.4,112.9,102.5,68.9,-1.2,1.9,1.5
2/17/25,74,341,80,62,126.8,90.7,65.4,110.8,104.8,60.6,-16,14.1,-4.8